波次id,小波次配置,波次时长,关卡ID
configId,subWaves,time,*tollId
1,101,,0
2,201,,0
3,301,,0
4,401,,0
1101,110101,2000,1
1102,"110201,110202",3000,1
1103,"110301,110302,110303",2000,1
1104,"110401,110402,110403",4000,1
1105,"110501,110502,110503,110504",,1
1106,"110601,110602,110603,110604",,1
2101,"210101,210102,210103",3000,2
2102,"210201,210202,210203",1230,2
2103,"210301,210302",1660,2
2104,"210401,210402",2250,2
2105,"210501,210502,210503,210504",0,2
2106,"210601,210602,210603,210604,210605",2200,2
2107,"210701,210702,210703,210704",,
3101,"310101,310102,310103",,
3102,"310201,310202,310203",,
3103,"310301,310302,310303",,
3104,"310401,310402",,
3105,"310501,310502,310503",,
3106,"310601,310602,310603,310604",,
3107,"310701,310702,310703,310704",,
4101,"410101,410102",,
4102,"410201,410202",,
4103,"410301,410302",,
4104,410401,,
4105,"410501,410502,410503,410504,410505",,
4106,"410601,410602,410603,410604,410605",,
4107,"410701,410702,410703",,
4108,"410801,410802,410803,410804,410805,410806",,
5101,"510101,510102,510103,510104",3580,3
5102,"510201,510202",1660,3
5103,"510301,510302",800,3
5104,"510401,510402,510403,510404,510405,510406",900,3
5105,510501,4800,3
5106,"510601,510602",6200,3
5107,"510701,510702,510703,510704",,
5108,"510801,510802,510803,510804,510805,510806",,
5109,510901,,
6101,"610101,610102,610103",,
6102,"610201,610202",,
6103,"610301,610302",,
6104,"610401,610402",,
6105,"610501,610502",,
6106,"610601,610602",,
6107,"610701,610702",,
6108,"610801,610802",,
6109,"610901,610902,610903,610903,610904,610905",,
6110,"611001,611002,611003",,
6111,"611101,611102,611103,611104,611105,611106,611107,611108",,
7101,710101,,
7102,710201,,
7103,"710301,710302,710303",,
7104,"710401,710402,710403",,
7105,710501,,
7106,"710601,710602",,
7107,710701,,
7108,"710801,710802,710803,710804",,
7109,"710901,710902,710903",,
7110,"711001,711002,711003,711004",,
7111,"711101,711102,711103,711104,711105,711106,711107",,
8101,"810101,810102",10000,4
8102,"810201,810202",3200,4
8103,"810301,810302",3200,4
8104,"810401,810402",2900,4
8105,"810501,810502",7500,4
8106,"810601,810602",8000,4
8107,"810701,810702,810703,810704,810705,810706,810707,810708",0,4
8108,"810801,810802",5000,4
8109,"810901,810902",,
8110,"811001,811002,811003,811004",,
8111,"811101,811102,811103,811104,811105,811106",,
9101,910101,6600,5
9102,"910201,910202",1000,5
9103,"910301,910302,910303,910304",1800,5
9104,910401,400,5
9105,"910501,910502,910503,910504",800,5
9106,"910601,910602,910603",3600,5
9107,"910701,910702,910703,910704,910705",4500,5
9108,"910801,910802,910803,910804",0,5
9109,"910901,910902,910903,910904",,
9110,"911001,911002,911003,911004,911005,911006",,
9111,"911101,911102,911103,911104,911105",,
9112,"911201,911202,911203,911204",,
9113,"911301,911302,911303,911304,911305,911306,911307",,
10101,"1010101,1010102,1010103,1010104",,
10102,"1010201,1010202,1010203,1010204",,
10103,"1010301,1010302,1010303,1010304",,
10104,"1010401,1010402",,
10105,"1010501,1010502,1010503,1010504",,
10106,"1010601,1010602,1010603",,
10107,"1010701,1010702,1010703,1010704,1010705,1010706",,
10108,"1010801,1010802,1010803,1010804",,
10109,"1010901,1010902,1010903,1010904",,
10110,"1011001,1011002,1011003,1011004,1011005,1011006",,
10111,"1011101,1011102",,
10112,"1011201,1011202,1011203,1011204,1011205,1011206",,
10113,"1011301,1011302,1011303,1011304,1011305,1011306,1011307,1011308",,
11101,1110101,2700,5
11102,1110201,0,5
11103,1110301,16500,5
11104,1110401,3200,5
11105,"1110501,1110502",2400,6
11106,"1110601,1110602",8000,6
11107,"1110701,1110702,1110703",4000,6
11108,"1110801,1110802",0,6
11109,1110901,,
11110,"1111001,1111002,1111003",,
11111,"1111101,1111102,1111103",,
11112,"1111201,1111202",,
11113,"1111301,1111302,1111303,1111304,1111305,1111306",,
12101,1210101,,
12102,1210201,,
12103,"1210301,1210302",,
12104,"1210401,1210402",,
12105,"1210501,1210502",,
12106,"1210601,1210602",,
12107,"1210701,1210702",,
12108,"1210801,1210802",,
12109,"1210901,1210902",,
12110,"1211001,1211002,1211003,1211004",,
12111,"1211101,1211102",,
12112,"1211201,1211202",,
12113,"1211301,1211302,1211303,1211304",,
12114,"1211401,1211402",,
13101,1310101,0,6
13102,"1310201,1310202",23800,6
13103,1310301,14400,6
13104,"1310401,1310402",4800,6
13105,"1310501,1310502",8400,6
13106,"1310601,1310602",5400,6
13107,"1310701,1310702",3680,6
13108,"1310801,1310802",,
13109,"1310901,1310902",,
13110,"1311001,1311002,1311003,1311004",,
13111,"1311101,1311102",,
13112,"1311201,1311202",,
13113,"1311301,1311302",,
13114,"1311401,1311402,1311403,1311404",,
13115,"1311501,1311502,1311503",,
14101,1410101,,
14102,"1410201,1410202,1410203",,
14103,1410301,,
14104,"1410401,1410402",,
14105,1410501,,
14106,1410601,,
14107,"1410701,1410702,1410703,1410704",,
14108,1410801,,
14109,"1410901,1410902,1410903,1410904",,
14110,1411001,,
14111,"1411101,1411102,1411103,1411104",,
14112,"1411201,1411202,1411203,1411204",,
14113,"1411301,1411302,1411303,1411304",,
15101,"1510101,1510102",,
15102,"1510201,1510202",,
15103,1510301,,
15104,1510401,,
15105,"1510501,1510502,1510503,1510504",,
15106,"1510601,1510602,1510603,1510604,1510605",,
15107,"1510701,1510702,1510703,1510704,1510705,1510706",,
15108,"1510801,1510802",,
15109,"1510901,1510902,1510903,1510904",,
15110,"1511001,1511002",,
15111,1511101,,
15112,1511201,,
15113,"1511301,1511302,1511303,1511304,1511305,1511306",,
15114,"1511401,1511402,1511403,1511404,1511405,1511406,1511407,1511408,1511409",,
15115,"1511501,1511502,1511503,1511504,1511505,1511506",,
16101,"1610101,1610102",16800,7
16102,"1610201,1610202",2700,7
16103,"1610301,1610302",11200,7
16104,"1610401,1610402,1610403",5460,7
16105,"1610501,1610502,1610503,1610504",5700,7
16106,1610601,10300,7
16107,"1610701,1610702,1610703,1610704",5000,7
16108,"1610801,1610802,1610803,1610804,1610805,1610806",13000,7
16109,1610901,22000,7
16110,1611001,11350,7
16111,"1611101,1611102,1611103,1611104,1611105",,
16112,"1611201,1611202",,
16113,"1611301,1611302,1611303",,
16114,"1611401,1611402,1611403,1611404,1611405,1611406",,
16115,"1611501,1611502,1611503,1611504,1611505,1611506",,
17101,1710101,8650,9
17102,"1710201,1710202",5400,9
17103,"1710301,1710302",8000,9
17104,"1710401,1710402,1710403",7600,9
17105,"1710501,1710502",7500,9
17106,"1710601,1710602,1710603",15200,9
17107,"1710701,1710702,1710703",17300,9
17108,"1710801,1710802,1710803",12900,9
17109,"1710901,1710902,1710903,1710904",7900,9
17110,"1711001,1711002,1711003,1711004,1711005",9500,9
18101,1810101,,
18102,"1810201,1810202",,
18103,"1810301,1810302",,
18104,"1810401,1810402,1810403",,
18105,"1810501,1810502",,
18106,"1810601,1810602,1810603",,
18107,"1810701,1810702,1810703",,
18108,"1810801,1810802,1810803",,
18109,"1810901,1810902,1810903,1810904",,
18110,"1811001,1811002,1811003,1811004,1811005",,
19101,1910101,5600,10
19102,"1910201,1910202",9050,10
19103,"1910301,1910302,1910303",15100,10
19104,"1910401,1910402,1910403",11000,10
19105,"1910501,1910502,1910503,1910504",2000,10
19106,"1910601,1910602,1910603,1910604,1910605,1910606",5300,10
19107,"1910701,1910702,1910703,1910704",1600,10
19108,"1910801,1910802,1910803",6400,10
19109,"1910901,1910902,1910903,1910904,1910905,1910906,1910907",6000,10
19110,"1911001,1911002,1911003,1911004,1911005,1911006,1911007",9500,10
20101,2010101,,
20102,"2010201,2010202",,
20103,"2010301,2010302,2010303",,
20104,"2010401,2010402,2010403",,
20105,"2010501,2010502,2010503,2010504",,
20106,"2010601,2010602,2010603,2010604,2010605,2010606",,
20107,"2010701,2010702,2010703,2010704",,
20108,"2010801,2010802,2010803",,
20109,"2010901,2010902,2010903,2010904,2010905,2010906,2010907",,
20110,"2011001,2011002,2011003,2011004,2011005,2011006,2011007",,
21101,"2110101,2110102,2110103",3000,11
21102,"2110201,2110202,2110203",2300,11
21103,"2110301,2110302",2700,11
21104,"2110401,2110402,2110403",2600,11
21105,"2110501,2110502,2110503,2110504,2110505,2110506",5200,11
21106,"2110601,2110602,2110603,2110604",8100,11
21107,"2110701,2110702,2110703,2110704,2110705",15000,11
21108,"2110801,2110802,2110803",7200,11
21109,"2110901,2110902,2110903,2110904,2110905,2110906,2110907",18100,11
21110,"2111001,2111002,2111003,2111004,2111005",20950,11
21111,"2111101,2111102,2111103,2111104,2111105,2111106,2111107",3500,11
22101,"2210101,2210102,2210103",,
22102,"2210201,2210202,2210203",,
22103,"2210301,2210302",,
22104,"2210401,2210402,2210403",,
22105,"2210501,2210502,2210503,2210504,2210505,2210506",,
22106,"2210601,2210602,2210603,2210604",,
22107,"2210701,2210702,2210703,2210704,2210705",,
22108,"2210801,2210802,2210803",,
22109,"2210901,2210902,2210903,2210904,2210905,2210906,2210907",,
22110,"2211001,2211002,2211003,2211004,2211005",,
22111,"2211101,2211102,2211103,2211104,2211105,2211106,2211107",,
23101,"2310101,2310102",,
23102,"2310201,2310202,2310203,2310204,2310205",,
23103,"2310301,2310302,2310303,2310304,2310305,2310306",,
23104,"2310401,2310402,2310403,2310404,2310405,2310406",,
23105,"2310501,2310502,2310503,2310504,2310505,2310506",,
23106,"2310601,2310602,2310603",,
23107,"2310701,2310702,2310703,2310704,2310705,2310706,2310707",,
23108,"2310801,2310802,2310803,2310804,2310805,2310806,2310807,2310808",,
23109,"2310901,2310902,2310903,2310904",,
23110,"2311001,2311002,2311003",,
23111,"2311101,2311102,2311103,2311104,2311105,2311106,2311107",,
23112,"2311201,2311202,2311203,2311204,2311205,2311206,2311207,2311208",,
24101,"2410101,2410102",7200,12
24102,"2410201,2410202,2410203,2410204,2410205",3400,12
24103,"2410301,2410302,2410303,2410304,2410305,2410306",4100,12
24104,"2410401,2410402,2410403,2410404,2410405,2410406",12000,12
24105,"2410501,2410502,2410503,2410504,2410505,2410506",13860,12
24106,"2410601,2410602,2410603",7000,12
24107,"2410701,2410702,2410703,2410704,2410705,2410706,2410707",16700,12
24108,"2410801,2410802,2410803,2410804,2410805,2410806,2410807,2410808",3300,12
24109,"2410901,2410902,2410903,2410904",22200,12
24110,"2411001,2411002,2411003",7000,12
24111,"2411101,2411102,2411103,2411104,2411105,2411106,2411107",5200,12
24112,"2411201,2411202,2411203,2411204,2411205,2411206,2411207,2411208",4800,12
25101,2510101,2000,13
25102,"2510201,2510202",1400,13
25103,"2510301,2510302",0,13
25104,"2510401,2510402,2510403",8200,13
25105,"2510501,2510502",5020,13
25106,"2510601,2510602,2510603",6100,13
25107,"2510701,2510702,2510703",1000,13
25108,"2510801,2510802,2510803",0,13
25109,"2510901,2510902,2510903",4200,13
25110,"2511001,2511002,2511003",6400,13
25111,"2511101,2511102,2511103,2511104",2400,13
25112,"2511201,2511202,2511203,2511204",5500,13
26101,2610101,,
26102,"2610201,2610202",,
26103,"2610301,2610302",,
26104,"2610401,2610402,2610403",,
26105,"2610501,2610502",,
26106,"2610601,2610602,2610603",,
26107,"2610701,2610702,2610703",,
26108,"2610801,2610802,2610803",,
26109,"2610901,2610902,2610903",,
26110,"2611001,2611002,2611003",,
26111,"2611101,2611102,2611103,2611104",,
26112,"2611201,2611202,2611203,2611204",,
27101,2710101,6250,14
27102,"2710201,2710202",900,14
27103,"2710301,2710302,2710303",3900,14
27104,"2710401,2710402",8000,14
27105,"2710501,2710502,2710503",7500,14
27106,"2710601,2710602,2710603,2710604",40000,14
27107,"2710701,2710702,2710703,2710704,2710705,2710706",3200,14
27108,"2710801,2710802,2710803",16250,14
27109,"2710901,2710902,2710903,2710904",28550,14
27110,"2711001,2711002,2711003,2711004",39000,14
27111,"2711101,2711102,2711103,2711104",5400,15
27112,"2711201,2711202,2711203,2711204,2711205",1400,15
28101,2810101,,
28102,"2810201,2810202",,
28103,"2810301,2810302,2810303",,
28104,"2810401,2810402",,
28105,"2810501,2810502,2810503",,
28106,"2810601,2810602,2810603,2810604",,
28107,"2810701,2810702,2810703,2810704,2810705,2810706",,
28108,"2810801,2810802,2810803",,
28109,"2810901,2810902,2810903,2810904",,
28110,"2811001,2811002,2811003,2811004",,
28111,"2811101,2811102,2811103,2811104",,
28112,"2811201,2811202,2811203,2811204,2811205",,
29101,2910101,10400,15
29102,"2910201,2910202,2910203",21000,15
29103,"2910301,2910302,2910303",37000,15
29104,"2910401,2910402",42550,15
29105,"2910501,2910502,2910503",49000,15
29106,"2910601,2910602,2910603,2910604,2910605,2910606",9100,15
29107,"2910701,2910702,2910703,2910704",16080,15
29108,"2910801,2910802,2910803,2910804",48750,15
29109,"2910901,2910902,2910903",7600,16
29110,"2911001,2911002,2911003,2911004",8500,16
29111,"2911101,2911102,2911103,2911104,2911105,2911106",6500,16
29112,"2911201,2911202,2911203",600,16
29113,"2911301,2911302,2911303,2911304,2911305,2911306,2911307,2911308",16000,16
30101,3010101,,
30102,"3010201,3010202,3010203",,
30103,"3010301,3010302,3010303",,
30104,"3010401,3010402",,
30105,"3010501,3010502,3010503",,
30106,"3010601,3010602,3010603,3010604,3010605,3010606",,
30107,"3010701,3010702,3010703,3010704",,
30108,"3010801,3010802,3010803,3010804",,
30109,"3010901,3010902,3010903",,
30110,"3011001,3011002,3011003,3011004",,
30111,"3011101,3011102,3011103,3011104,3011105,3011106",,
30112,"3011201,3011202,3011203",,
30113,"3011301,3011302,3011303,3011304,3011305,3011306,3011307,3011308",,
31101,"3110101,3110102",,
31102,"3110201,3110202,3110203,3110204,3110205",,
31103,"3110301,3110302,3110303",,
31104,"3110401,3110402,3110403,3110404,3110405,3110406",,
31105,"3110501,3110502,3110503,3110504,3110505,3110506",,
31106,"3110601,3110602,3110603,3110604,3110605,3110606",,
31107,"3110701,3110702,3110703,3110704",,
31108,"3110801,3110802,3110803",,
31109,"3110901,3110902,3110903,3110904,3110905,3110906,3110907",,
31110,"3111001,3111002,3111003,3111004,3111005,3111006,3111007,3111008",,
31111,"3111101,3111102,3111103,3111104,3111105,3111106",,
31112,"3111201,3111202,3111203,3111204,3111205,3111206,3111207",,
31113,"3111301,3111302,3111303,3111304,3111305,3111306,3111307,3111308",,
31114,"3111401,3111402,3111403,3111404,3111405,3111406,3111407,3111408",,
32101,"3210101,3210102",2250,16
32102,"3210201,3210202,3210203,3210204,3210205",2000,16
32103,"3210301,3210302,3210303",1400,16
32104,"3210401,3210402,3210403,3210404,3210405,3210406",8500,16
32105,"3210501,3210502,3210503,3210504,3210505,3210506",9150,16
32106,"3210601,3210602,3210603,3210604,3210605,3210606",2000,16
32107,"3210701,3210702,3210703,3210704",6000,16
32108,"3210801,3210802,3210803",2500,16
32109,"3210901,3210902,3210903,3210904,3210905,3210906,3210907",950,16
32110,"3211001,3211002,3211003,3211004,3211005,3211006,3211007,3211008",2850,16
32111,"3211101,3211102,3211103,3211104,3211105,3211106",55950,16
32112,"3211201,3211202,3211203,3211204,3211205,3211206,3211207",17600,16
32113,"3211301,3211302,3211303,3211304,3211305,3211306,3211307,3211308",15400,16
32114,"3211401,3211402,3211403,3211404,3211405,3211406,3211407,3211408",15700,16
33101,"3310101,3310102",36000,17
33102,"3310201,3310202",72000,17
33103,"3310301,3310302",88000,17
33104,"3310401,3310402,3310403",48000,17
33105,"3310501,3310502",117000,17
33106,"3310601,3310602,3310603",88000,17
33107,"3310701,3310702,3310703",28000,17
33108,"3310801,3310802,3310803",70000,17
33109,"3310901,3310902,3310903,3310904",16000,17
33110,"3311001,3311002,3311003,3311004",32000,17
33111,"3311101,3311102",,17
33112,"3311201,3311202",,17
33113,"3311301,3311302,3311303",,17
33114,"3311401,3311402,3311403,3311404,3311405",,17
34101,"3410101,3410102",,
34102,"3410201,3410202",,
34103,"3410301,3410302",,
34104,"3410401,3410402,3410403",,
34105,"3410501,3410502",,
34106,"3410601,3410602,3410603",,
34107,"3410701,3410702,3410703",,
34108,"3410801,3410802,3410803",,
34109,"3410901,3410902,3410903,3410904",,
34110,"3411001,3411002,3411003,3411004",,
34111,"3411101,3411102",,
34112,"3411201,3411202",,
34113,"3411301,3411302,3411303",,
34114,"3411401,3411402,3411403,3411404,3411405",,
35101,3510101,20000,18
35102,"3510201,3510202",55500,18
35103,"3510301,3510302,3510303",28000,18
35104,"3510401,3510402,3510403",79000,18
35105,"3510501,3510502,3510503,3510504",64000,18
35106,"3510601,3510602,3510603,3510604,3510605,3510606",84000,18
35107,"3510701,3510702,3510703,3510704",49000,18
35108,"3510801,3510802,3510803",60000,18
35109,"3510901,3510902,3510903,3510904",120000,18
35110,"3511001,3511002,3511003",,18
35111,"3511101,3511102",,18
35112,"3511201,3511202,3511203",,18
35113,"3511301,3511302,3511303,3511304,3511305",,18
35114,"3511401,3511402,3511403,3511404,3511405,3511406",,18
36101,3610101,,
36102,"3610201,3610202",,
36103,"3610301,3610302,3610303",,
36104,"3610401,3610402,3610403",,
36105,"3610501,3610502,3610503,3610504",,
36106,"3610601,3610602,3610603,3610604,3610605,3610606",,
36107,"3610701,3610702,3610703,3610704",,
36108,"3610801,3610802,3610803",,
36109,"3610901,3610902,3610903,3610904",,
36110,"3611001,3611002,3611003",,
36111,"3611101,3611102",,
36112,"3611201,3611202,3611203",,
36113,"3611301,3611302,3611303,3611304,3611305",,
36114,"3611401,3611402,3611403,3611404,3611405,3611406",,
37101,"3710101,3710102,3710103",12000,19
37102,"3710201,3710202,3710203",31000,19
37103,"3710301,3710302",85000,19
37104,"3710401,3710402,3710403",30000,19
37105,"3710501,3710502,3710503,3710504,3710505,3710506",18000,19
37106,"3710601,3710602,3710603,3710604",49000,19
37107,"3710701,3710702,3710703,3710704,3710705",61800,19
37108,"3710801,3710802,3710803",87800,19
37109,"3710901,3710902,3710903,3710904,3710905,3710906,3710907",43800,19
37110,"3711001,3711002,3711003,3711004,3711005",38800,19
37111,"3711101,3711102,3711103,3711104,3711105",30800,19
37112,"3711201,3711202",23000,19
37113,"3711301,3711302,3711303,3711304",11800,19
37114,"3711401,3711402,3711403",,19
37115,"3711501,3711502,3711503",,19
38101,"3810101,3810102,3810103",,
38102,"3810201,3810202,3810203",,
38103,"3810301,3810302",,
38104,"3810401,3810402,3810403",,
38105,"3810501,3810502,3810503,3810504,3810505,3810506",,
38106,"3810601,3810602,3810603,3810604",,
38107,"3810701,3810702,3810703,3810704,3810705",,
38108,"3810801,3810802,3810803",,
38109,"3810901,3810902,3810903,3810904,3810905,3810906,3810907",,
38110,"3811001,3811002,3811003,3811004,3811005",,
38111,"3811101,3811102,3811103,3811104,3811105",,
38112,"3811201,3811202",,
38113,"3811301,3811302,3811303,3811304",,
38114,"3811401,3811402,3811403",,
38115,"3811501,3811502,3811503",,
39101,"3910101,3910102",,
39102,"3910201,3910202,3910203,3910204,3910205",,
39103,"3910301,3910302,3910303,3910304,3910305,3910306",,
39104,"3910401,3910402,3910403,3910404,3910405,3910406",,
39105,"3910501,3910502,3910503,3910504,3910505,3910506",,
39106,"3910601,3910602,3910603",,
39107,"3910701,3910702,3910703,3910704,3910705,3910706,3910707",,
39108,"3910801,3910802,3910803,3910804,3910805,3910806,3910807,3910808",,
39109,"3910901,3910902,3910903,3910904",,
39110,"3911001,3911002,3911003",,
39111,"3911101,3911102,3911103,3911104,3911105,3911106,3911107",,
39112,"3911201,3911202,3911203,3911204,3911205,3911206,3911207,3911208",,
39113,"3911301,3911302,3911303,3911304,3911305,3911306",,
39114,"3911401,3911402,3911403",,
39115,"3911501,3911502",,
39116,"3911601,3911602,3911603,3911604,3911605,3911606,3911607,3911608,3911609,3911610,3911611,3911612",,
40101,"4010101,4010102",24000,20
40102,"4010201,4010202,4010203,4010204,4010205",48000,20
40103,"4010301,4010302,4010303,4010304,4010305,4010306",36500,20
40104,"4010401,4010402,4010403,4010404,4010405,4010406",21500,20
40105,"4010501,4010502,4010503,4010504,4010505,4010506",44000,20
40106,"4010601,4010602,4010603",31000,20
40107,"4010701,4010702,4010703,4010704,4010705,4010706,4010707",48500,20
40108,"4010801,4010802,4010803,4010804,4010805,4010806,4010807,4010808",11000,20
40109,"4010901,4010902,4010903,4010904",31000,20
40110,"4011001,4011002,4011003",47000,20
40111,"4011101,4011102,4011103,4011104,4011105,4011106,4011107",15500,20
40112,"4011401,4011202,4011203,4011204,4011205,4011206,4011207,4011208",24000,20
40113,"4011301,4011302,4011303,4011304,4011305,4011306",41000,20
40114,"4011401,4011402,4011403",31000,20
40115,"4011501,4011502",24800,20
40116,"4011601,4011602,4011603,4011604,4011605,4011606,4011607,4011608,4011609,4011610,4011611,4011612",18000,20
101101,"10110101,10110102,10110103,10110104,10110105",18800,101
101102,"10110201,10110202,10110203,10110204,10110205",18000,101
102101,10210101,11400,102
102102,"10210201,10210202",5500,102
102103,"10210301,10210302,10210303",1500,102
102104,"10210401,10210402,10210403,10210404",0,102
102105,"10210501,10210502,10210503,10210504,10210505,10210506,10210507",26000,102
103101,"10310101,10310102,10310103,10310104",5200,103
103102,"10310201,10310202,10310203,10310204,10310205,10310206",600,103
103103,"10310301,10310302,10310303,10310304,10310305,10310306",15000,103
103104,"10310401,10310402,10310403",1000,103
103105,"10310501,10310502,10310503,10310504,10310505,10310506,10310507",11800,103
103106,"10310601,10310602,10310603,10310604,10310605",,103
103107,"10310701,10310702,10310703,10310704",,103
103108,"10310801,10310802,10310803",,103
103109,"10310901,10310902,10310903,10310904,10310905,10310906",,103
103110,"10311001,10311002,10311003,10311004,10311005,10311006",,103
104101,"10410101,10410102,10410103",11500,104
104102,"10410201,10410202,10410203",4600,104
104103,"10410301,10410302,10410303,10410304",3000,104
104104,"10410401,10410402,10410403,10410404",7200,104
104105,"10410501,10410502,10410503,10410504,10410505",5500,104
104106,"10410601,10410602,10410603,10410604",,104
104107,"10410701,10410702,10410703",,104
104108,"10410801,10410802,10410803,10410804,10410805,10410806",,104
104109,"10410901,10410902,10410903,10410904,10410905,10410906,10410907,10410908",,104
104110,"10411001,10411002,10411003,10411004,10411005,10411006",,104
104111,"10411101,10411102,10411103,10411104,10411105,10411106,10411107",,104
104112,"10411201,10411202,10411203,10411204,10411205,10411206,10411207",,104
104113,"10411301,10411302,10411303,10411304,10411305,10411306,10411307,10411308",,104
105101,"10510101,10510102",31000,105
105102,"10510201,10510202",44000,105
105103,"10510301,10510302,10510303,10510304,10510305",24500,105
105104,"10510401,10510402,10510403,10510404,10510405,10510406",39000,105
105105,"10510501,10510502,10510503",39500,105
105106,"10510601,10510602,10510603,10510604,10510605",,105
105107,"10510701,10510702,10510703,10510704,10510705",,105
105108,"10510801,10510802,10510803,10510804",,105
105109,"10510901,10510902,10510903",,105
105110,"10511001,10511002,10511003,10511004,10511005,10511006,10511007",,105
105111,"10511101,10511102,10511103,10511104,10511105,10511106,10511107",,105
105112,"10511201,10511202,10511203,10511204",,105
105113,"10511301,10511302,10511303",,105
105114,"10511401,10511402",,105
105115,"10511501,10511502,10511503,10511504,10511505,10511506",,105
1201,"120101,120102,120103,120104,120105,120106,120107,120108,120109,120110",6000,1
2201,"220101,220102,220103,220104,220105,220106,220107,220108,220109,220110,220111,220112,220113,220114,220115,220116",1230,2
3201,"320101,320102,320103,320104,320105,320106",,
4201,"420101,420102,420103,420104,420105,420106,420107,420108,420109,420110",,
5201,"520101,520102,520103,520104,520105,520106,520107,520108,520109,520110,520111,520112,520113,520114,520115,520116,520117,520118",1660,3
6201,"620101,620102,620103,620104,620105,620106,620107,620108,620109,620110,620111,620112,620113,620114,620115,620116,620117,620118,620119,620120,620121,620122,620123,620124,620125",,
7201,"720101,720102,720103,720104,720105,720106,720107,720108,720109,720110,720111,720112,720113,720114,720115,720116,720117,720118,720119",,
8201,"820101,820102,820103,820104,820105,820106,820107,820108,820109,820110,820111,820112,820113,820114,820115,820116,820117,820118,820119,820120,820121,820122,820123,820124,820125,820126",3200,4
9201,"920101,920102,920103,920104,920105,920106,920107,920108,920109,920110,920111,920112,920113,920114,920115,920116,920117,920118,920119",11000,5
10201,"1020101,1020102,1020103,1020104,1020105,1020106,1020107,1020108,1020109,1020110",,
11201,"1120101,1120102,1120103,1120104,1120105,1120106,1120107,1120108,1120109,1120110,1120111,1120112,1120113,1120114",6400,6
12201,"1220101,1220102,1220103,1220104,1220105,1220106,1220107,1220108,1220109,1220110,1220111,1220112,1220113,1220114,1220115,1220116,1220117,1220118,1220119,1220120,1220121,1220122,1220123,1220124,1220125,1220126,1220127,1220128,1220129,1220130,1220131,1220132",,
13201,"1320101,1320102,1320103,1320104,1320105,1320106,1320107,1320108,1320109,1320110,1320111,1320112,1320113,1320114,1320115,1320116,1320117,1320118",11200,7
14201,"1420101,1420102,1420103,1420104,1420105,1420106,1420107,1420108,1420109,1420110,1420111,1420112,1420113,1420114,1420115,1420116,1420117,1420118,1420119,1420120,1420121,1420122,1420123,1420124,1420125",,
15201,"1520101,1520102,1520103,1520104,1520105,1520106,1520107,1520108,1520109,1520110,1520111,1520112,1520113,1520114,1520115,1520116",,
16201,"1620101,1620102,1620103,1620104,1620105,1620106,1620107,1620108,1620109,1620110,1620111,1620112,1620113,1620114",40000,8
17201,"1720101,1720102,1720103,1720104,1720105,1720106,1720107,1720108,1720109",76000,9
18201,"1820101,1820102,1820103,1820104,1820105,1820106,1820107,1820108,1820109",,
19201,"1920101,1920102,1920103",29300,10
19202,"1920201,1920202,1920203,1920204,1920205,1920206",20500,10
19203,"1920301,1920302,1920303,1920304,1920305,1920306,1920307,1920308",21700,10
20201,"2020101,2020202,2020103",,
20202,"2020201,2020202,2020203,2020204,2020205,2020206",,
20203,"2020301,2020302,2020303,2020304,2020305,2020306,2020307,2020308",,
21201,"2120101,2120102",6000,11
21202,"2120201,2120202,2120203,2120204",63300,11
21203,"2120301,2120302,2120303,2120304,2120305,2120306",23600,11
21204,"2120401,2120402,2120403,2120404,2120405,2120406,2120407,2120408,2120409",72200,11
21205,"2120501,2120502,2120503,2120504,2120505,2120506,2120507,2120508,2120509,2120510,2120511,2120512",47400,11
22201,"2220101,2220102",,
22202,"2220201,2220202,2220203,2220204",,
22203,"2220301,2220302,2220303,2220304,2220305,2220306",,
22204,"2220401,2220402,2220403,2220404,2220405,2220406,2220407,2220408,2220409",,
22205,"2220501,2220502,2220503,2220504,2220505,2220506,2220507,2220508,2220509,2220510,2220511,2220512",,
23201,"2320101,2320102,2320103,2320104,2320105",,
23202,"2320201,2320202,2320203,2320204,2320205",,
23203,"2320301,2320302,2320303,2320304,2320305",,
23204,"2320401,2320402,2320403",,
23205,"2320501,2320502,2320503,2320504,2320505,2320506,2320507",,
23206,"2320601,2320602,2320603,2320604,2320605,2320606,2320607",,
23207,"2320701,2320702,2320703,2320704",,
23208,"2320801,2320802,2320803",,
23209,"2320901,2320902,2320903,2320904,2320905,2320906,2320907",,
23210,"2321001,2321002,2321003,2321004,2321005,2321006,2321007,2321008",,
24201,"2420101,2420102,2420103,2420104,2420105",25200,12
24202,"2420201,2420202,2420203,2420204,2420205",24650,12
24203,"2420301,2420302,2420303,2420304,2420305",38400,12
24204,"2420401,2420402,2420403",50220,12
24205,"2420501,2420502,2420503,2420504,2420505,2420506,2420507",14000,12
24206,"2420601,2420602,2420603,2420604,2420605,2420606,2420607",24400,12
24207,"2420701,2420702,2420703,2420704",43800,12
24208,"2420801,2420802,2420803",54600,12
24209,"2420901,2420902,2420903,2420904,2420905,2420906,2420907",21000,12
24210,"2421001,2421002,2421003,2421004,2421005,2421006,2421007,2421008",50600,12
25201,"2520101,2520102,2520103,2520104,2520105,2520106,2520107,2520108,2520109",46200,13
26201,"2620101,2620102,2620103,2620104,2620105,2620106,2620107,2620108,2620109",,
27201,"2720101,2720102,2720103,2720104",66000,14
27202,"2720201,2720202,2720203,2720204,2720205",113000,14
27203,"2720301,2720302,2720303,2720304,2720305,2720306",105440,14
28201,"2820101,2820102,2820103,2820104",,
28202,"2820201,2820202,2820203,2820204,2820205",,
28203,"2820301,2820302,2820303,2820304,2820305,2820306",,
29201,"2920101,2920102,2920103",69000,15
29202,"2920201,2920202,2920203,2920204",60000,15
29203,"2920301,2920302,2920303,2920304,2920305",28000,15
29204,"2920401,2920402,2920403,2920404,2920405",8000,15
29205,"2920501,2920502,2920503,2920504,2920505,2920506",23400,15
30201,"3020101,3020102,3020103",,
30202,"3020201,3020202,3020203,3020204",,
30203,"3020301,3020302,3020303,3020304,3020305",,
30204,"3020401,3020402,3020403,3020404,3020405",,
30205,"3020501,3020502,3020503,3020504,3020505,3020506",,
31201,"3120101,3120102",,
31202,"3120201,3120202,3120203",,
31203,"3120301,3120302,3120303,3120304",,
31204,"3120401,3120402,3120403,3120404",,
31205,"3120501,3120502,3120503,3120504,3120505",,
31206,"3120601,3120602,3120603,3120604,3120605",,
31207,"3120701,3120702,3120703,3120704,3120705,3120706",,
31208,"3120801,3120802,3120803,3120804,3120805,3120806,3120807",,
31209,"3120901,3120902,3120903,3120904,3120905,3120906,3120907,3120908",,
31210,"3121001,3121002,3121003,3121004,3121005,3121006,3121007,3121008",,
32201,"3220101,3220102",55600,16
32202,"3220201,3220202,3220203",43800,16
32203,"3220301,3220302,3220303,3220304",40000,16
32204,"3220401,3220402,3220403,3220404",115900,16
32205,"3220501,3220502,3220503,3220504,3220505",91750,16
32206,"3220601,3220602,3220603,3220604,3220605",47100,16
32207,"3220701,3220702,3220703,3220704,3220705,3220706",36700,16
32208,"3220801,3220802,3220803,3220804,3220805,3220806,3220807",64000,16
32209,"3220901,3220902,3220903,3220904,3220905,3220906,3220907,3220908",88200,16
32210,"3221001,3221002,3221003,3221004,3221005,3221006,3221007,3221008",207000,16
33201,"3320101,3320102,3320103,3320104,3320105,3320106,3320107,3320108,3320109",243000,17
34201,"3420101,3420102,3420103,3420104,3420105,3420106,3420107,3420108,3420109",,
35201,"3520101,3520102,3520103",115500,18
35202,"3520201,3520202,3520203,3520204,3520205,3520206",250000,18
35203,"3520301,3520302,3520303,3520304,3520305,3520306,3520307,3520308",97800,18
36201,"3620101,3620102,3620103",,
36202,"3620201,3620202,3620203,3620204,3620205,3620206",,
36203,"3620301,3620302,3620303,3620304,3620305,3620306,3620307,3620308",,
37201,"3720101,3720102",95000,19
37202,"3720201,3720202,3720203,3720204",204000,19
37203,"3720301,3720302,3720303,3720304,3720305,3720306",110000,19
37204,"3720401,3720402,3720403,3720404,3720405,3720406,3720407,3720408,3720409",98000,19
37205,"3720501,3720502,3720503,3720504,3720505,3720506,3720507,3720508,3720509,3720510,3720511,3720512",88000,19
38201,"3820101,3820102",,
38202,"3820201,3820202,3820203,3820204",,
38203,"3820301,3820302,3820303,3820304,3820305,3820306",,
38204,"3820401,3820402,3820403,3820404,3820405,3820406,3820407,3820408,3820409",,
38205,"3820501,3820502,3820503,3820504,3820505,3820506,3820507,3820508,3820509,3820510,3820511,3820512",,
39201,"3920101,3920102,3920103,3920104,3920105",,
39202,"3920201,3920392,3920203,3920204,3920205",,
39203,"3920301,3920302,3920303,3920304,3920305",,
39204,"3920401,3920402,3920403",,
39205,"3920501,3920502,3920503,3920504,3920505,3920506,3920507",,
39206,"3920601,3920602,3920603,3920604,3920605,3920606,3920607",,
39207,"3920701,3920702,3920703,3920704",,
39208,"3920801,3920802,3920803",,
39209,"3920901,3920902,3920903,3920904,3920905,3920906,3920907",,
39210,"3921001,3921002,3921003,3921004,3921005,3921006,3921007,3921008",,
40201,"4020101,4020102,4020103,4020104,4020105",48000,20
40202,"4020201,4020402,4020203,4020204,4020205",36500,20
40203,"4020301,4020302,4020303,4020304,4020305",51500,20
40204,"4020401,4020402,4020403",46000,20
40205,"4020501,4020502,4020503,4020504,4020505,4020506,4020507",39000,20
40206,"4020601,4020602,4020603,4020604,4020605,4020606,4020607",48500,20
40207,"4020701,4020702,4020703,4020704",11000,20
40208,"4020801,4020802,4020803",49000,20
40209,"4020901,4020902,4020903,4020904,4020905,4020906,4020907",53000,20
40210,"4021001,4021002,4021003,4021004,4021005,4021006,4021007,4021008",15500,20
101201,"10120101,10120102",46000,101
101202,"10120201,10120202,10120203",16300,101
101203,"10120301,10120302,10120303,10120304",15800,101
102201,10220101,5500,102
102202,"10220201,10220202",1500,102
102203,"10220301,10220302,10220303",0,102
102204,"10220401,10220402,10220403,10220404",26000,102
102205,"10220501,10220502,10220503,10220504,10220505",40000,102
102206,"10220601,10220602,10220603,10220604,10220605,10220606",,102
102207,"10220701,10220702,10220703,10220704,10220705,10220706,10220707",,102
102208,"10220801,10220802,10220803,10220804,10220805,10220806,10220807,10220808",,102
103201,"10320101,10320102,10320103,10320104",2200,103
103202,"10320201,10320202,10320203,10320204",39000,103
103203,"10320301,10320302,10320303,10320304",3200,103
103204,"10320401,10320402,10320403",21900,103
103205,"10320501,10320502,10320503,10320504,10320505,10320506,10320507",49000,103
103206,"10320601,10320602,10320603,10320604,10320605,10320606,10320607",,103
103207,"10320701,10320702,10320703,10320704",,103
103208,"10320801,10320802,10320803",,103
103209,"10320901,10320902,10320903,10320904,10320905,10320906,10320907",,103
103210,"10321001,10321002,10321003,10321004,10321005,10321006,10321007",,103
104201,"10420101,10420102",22000,104
104202,"10420201,10420202,10420203",6600,104
104203,"10420301,10420302,10420303,10420304",7200,104
104204,"10420401,10420402,10420403,10420404",9300,104
104205,"10420501,10420502,10420503,10420504,10420505",1000,104
104206,"10420601,10420602,10420603,10420604,10420605",,104
104207,"10420701,10420702,10420703,10420704,10420705,10420706",,104
104208,"10420801,10420802,10420803,10420804,10420805,10420806",,104
104209,"10420901,10420902,10420903,10420904,10420905,10420906",,104
104210,"10421001,10421002,10421003,10421004,10421005,10421006,10421007",,104
105201,"10520101,10520102,10520103,10520104",31000,105
105202,"10520201,10520202,10520203,10520204,10520205",48000,105
105203,"10520301,10520302,10520303,10520304,10520305",27500,105
105204,"10520401,10520402,10520403",39000,105
105205,"10520501,10520502,10520503,10520504,10520505,10520506,10520507",43500,105
105206,"10520601,10520602,10520603,10520604,10520605,10520606",,105
105207,"10520701,10520702,10520703,10520704",,105
105208,"10520801,10520802,10520803",,105
105209,"10520901,10520902,10520903,10520904,10520905,10520906",,105
105210,"10521001,10521002,10521003,10521004,10521005,10521006,10521007",,105
1301,"130101,130102,130103,130104,130105",3000,1
1302,"130201,130202,130203,130204",500,1
1303,130301,6000,1
1304,"130401,130402,130403,130404",500,1
1305,"130501,130502,130503",600,1
1306,"130601,130602,130603",840,1
2301,"230101,230102,230103",500,2
2302,"230201,230202,230203",600,2
2303,"230301,230302,230303",3000,2
2304,"230401,230402,230403",400,2
2305,"230501,230502,230503,230504",3000,2
2306,"230601,230602,230603,230604,230605",1150,2
3301,"330101,330102,330103",,
3302,"330201,330202,330203",,
3303,"330301,330302,330303,330304",,
3304,"330401,330402,330403",,
3305,"330501,330502",,
3306,"330601,330602,330603",,
4301,"430101,430102",,
4302,430201,,
4303,"430301,430302,430303,430304",,
4304,"430401,430402,430403,430404,430405,430406",,
4305,"430501,430502,430503",,
4306,"430601,430602,430603,430604",,
5301,"530101,530102",1080,3
5302,"530201,530202,530203,530204",1610,3
5303,"530301,530302,530303,530304,530305",230,3
5304,"530401,530402,530403,530404",200,3
5305,"530501,530502,530503,530504,530505,530506,530507",750,3
5306,"530601,530602,530603,530604",2400,3
6301,"630101,630102",,
6302,"630201,630202,630203,630204,630205,630206,630207,630208",,
6303,"630301,630302,630303,630304,630305,630306,630307,630308,630309,630310,630311,630312,630313,630314",,
6304,"630401,630402,630403,630404,630405,630406",,
6305,"630501,630502,630503,630504,630505,630506,630507,630508,630509,630510,630511,630512,630513,630514",,
6306,"630601,630602,630603,630604,630605,630606",,
7301,"730101,730102,730103",,
7302,"730201,730202,730203,730204",,
7303,"730301,730302,730303,730304,730305,730306,730307,730308",,
7304,"730401,730402,730403,730404,730405,730406,730407,730408",,
7305,"730501,730502,730503,730504,730505",,
7306,"730601,730602,730603,730604,730605,730606,730607",,
8301,"830101,830102,830103,830104,830105,830106",600,4
8302,"830201,830202,830203",600,4
8303,"830301,830302,830303",460,4
8304,"830401,830402,830403,830404,830405,830406,830407,830408",4000,4
8305,"830501,830502,830503,830504,830505,830506,830507,830508",,4
8306,"830601,830602,830603,830604,830605,830606,830607,830608,830609,830610",,4
9301,"930101,930102,930103,930104,930105",0,5
9302,"930201,930202,930203,930204,930205,930206,930207",2400,5
9303,"930301,930302,930303,930304,930305,930306",0,5
9304,"930401,930402,930403,930404,930405",2000,5
9305,"930501,930502,930503,930504,930505,930506",800,5
9306,"930601,930602,930603,930604,930605",0,5
10301,"1030101,1030102,1030103,1030104,1030105,1030106",,
10302,"1030201,1030202,1030203,1030204,1030205,1030206",,
10303,"1030301,1030302,1030303,1030304,1030305",,
10304,"1030401,1030402,1030403,1030404,1030405,1030406,1030407",,
10305,"1030501,1030502,1030503,1030504,1030505,1030506,1030507,1030508,1030509,1030510",,
10306,"1030601,1030602,1030603,1030604,1030605,1030606,1030607,1030608,1030609,1030610,1030611,1030612",,
11301,1130101,1600,5
11302,"1130201,1130202",800,5
11303,"1130301,1130302,1130303,1130304",0,5
11304,"1130401,1130402,1130403",800,5
11305,"1130501,1130502,1130503,1130504",1000,6
11306,"1130601,1130602,1130603,1130604",3600,6
12301,"1230101,1230102",,
12302,"1230201,1230202,1230203,1230204",,
12303,"1230301,1230302,1230303,1230304",,
12304,"1230401,1230402,1230403,1230404,1230405,1230406",,
12305,"1230501,1230502,1230503,1230504,1230505,1230506",,
12306,"1230601,1230602",,
13301,"1330101,1330102",1000,6
13302,"1330201,1330202,1330203",0,6
13303,"1330301,1330302,1330303,1330304",7000,6
13304,"1330401,1330402,1330403,1330404,1330405,1330406",500,6
13305,"1330501,1330502,1330503,1330504,1330505,1330506",3200,6
13306,"1330601,1330602,1330603,1330604,1330605,1330606",1600,6
14301,"1430101,1430102,1430103,1430104",,
14302,"1430201,1430202,1430203",,
14303,"1430301,1430302,1430303,1430304",,
14304,"1430401,1430402,1430403,1430404,1430405,1430406",,
14305,"1430501,1430502,1430503,1430504",,
14306,"1430601,1430602,1430603,1430604,1430605,1430606",,
15301,"1530101,1530102,1530103",,
15302,"1530201,1530202,1530203,1530204",,
15303,"1530301,1530302,1530303,1530304,1530305,1530306,1530307",,
15304,"1530401,1530402,1530403,1530404,1530405,1530406",,
15305,"1530501,1530502,1530503",,
15306,"1530601,1530602,1530603",,
16301,"1630101,1630102,1630103,1630104",0,7
16302,"1630201,1630202,1630203,1630204,1630205,1630206",2400,7
16303,"1630301,1630302,1630303,1630304,1630305,1630306,1630307,1630308,1630309",3000,7
16304,"1630401,1630402,1630403,1630404,1630405,1630406",2000,7
16305,"1630501,1630502,1630503,1630504,1630505",0,7
16306,"1630601,1630602,1630603,1630604",3000,7
17301,1730101,0,9
17302,"1730201,1730202",500,9
17303,"1730301,1730302",0,9
17304,"1730401,1730402,1730403",4500,9
17305,"1730501,1730502",2500,9
17306,"1730601,1730602,1730603",5000,9
17307,"1730701,1730702,1730703",5000,9
17308,"1730801,1730802,1730803",6000,9
17309,"1730901,1730902,1730903,1730904",3000,9
17310,"1731001,1731002,1731003,1731004,1731005,1731006",1000,9
18301,1830101,,
18302,"1830201,1830202",,
18303,"1830301,1830302",,
18304,"1830401,1830402,1830403",,
18305,"1830501,1830502",,
18306,"1830601,1830602,1830603",,
18307,"1830701,1830702,1830703",,
18308,"1830801,1830802,1830803",,
18309,"1830901,1830902,1830903,1830904",,
18310,"1831001,1831002,1831003,1831004,1831005,1831006",,
19301,1930101,2000,10
19302,"1930201,1930202",0,10
19303,"1930301,1930302,1930303",400,10
19304,"1930401,1930402,1930403",2000,10
19305,"1930501,1930502,1930503,1930504",1200,10
19306,"1930601,1930602,1930603,1930604,1930605,1930606",400,10
19307,"1930701,1930702,1930703,1930704",2400,10
19308,"1930801,1930802,1930803",1000,10
19309,"1930901,1930902,1930903,1930904,1930905,1930906,1930907",0,10
19310,"1931001,1931002,1931003,1931004,1931005,1931006",1500,10
20301,2030101,,
20302,"2030201,2030202",,
20303,"2030301,2030302,2030303",,
20304,"2030401,2030402,2030403",,
20305,"2030501,2030502,2030503,2030504",,
20306,"2030601,2030602,2030603,2030604,2030605,2030606",,
20307,"2030701,2030702,2030703,2030704",,
20308,"2030801,2030802,2030803",,
20309,"2030901,2030902,2030903,2030904,2030905,2030906,2030907",,
20310,"2031001,2031002,2031003,2031004,2031005,2031006",,
21301,"2130101,2130102,2130103",2000,11
21302,"2130201,2130202,2130203",1500,11
21303,"2130301,2130302",2000,11
21304,"2130401,2130402,2130403",1000,11
21305,"2130501,2130502,2130503,2130504,2130505,2130506",2800,11
21306,"2130601,2130602,2130603,2130604",600,11
21307,"2130701,2130702,2130703,2130704,2130705",0,11
21308,"2130801,2130802,2130803",1400,11
21309,"2130901,2130902,2130903,2130904,2130905,2130906,2130907",600,11
21310,"2131001,2131002,2131003,2131004,2131005",500,11
21311,"2131101,2131102,2131103,2131104,2131105,2131106,2131107",0,11
22301,"2230101,2230102,2230103",,
22302,"2230201,2230202,2230203",,
22303,"2230301,2230302",,
22304,"2230401,2230402,2230403",,
22305,"2230501,2230502,2230503,2230504,2230505,2230506",,
22306,"2230601,2230602,2230603,2230604",,
22307,"2230701,2230702,2230703,2230704,2230705",,
22308,"2230801,2230802,2230803",,
22309,"2230901,2230902,2230903,2230904,2230905,2230906,2230907",,
22310,"2231001,2231002,2231003,2231004,2231005",,
22311,"2231101,2231102,2231103,2231104,2231105,2231106,2231107",,
23301,"2330101,2330102",,
23302,"2330201,2330202,2330203,2330204,2330205",,
23303,"2330301,2330302,2330303,2330304,2330305,2330306",,
23304,"2330401,2330402,2330403,2330404,2330405,2330406",,
23305,"2330501,2330502,2330503,2330504,2330505,2330506",,
23306,"2330601,2330602,2330603",,
23307,"2330701,2330702,2330703,2330704,2330705,2330706,2330707",,
23308,"2330801,2330802,2330803,2330804,2330805,2330806,2330807,2330808",,
23309,"2330901,2330902,2330903,2330904",,
23310,"2331001,2331002,2331003",,
23311,"2331101,2331102,2331103,2331104,2331105,2331106,2331107",,
23312,"2331201,2331202,2331203,2331204,2331205,2331206,2331207,2331208",,
24301,"2430101,2430102",4800,12
24302,"2430201,2430202,2430203,2430204,2430205",0,12
24303,"2430301,2430302,2430303,2430304,2430305,2430306",3200,12
24304,"2430401,2430402,2430403,2430404,2430405,2430406",9000,12
24305,"2430501,2430502,2430503,2430504,2430505,2430506",1000,12
24306,"2430601,2430602,2430603",2400,12
24307,"2430701,2430702,2430703,2430704,2430705,2430706,2430707",1200,12
24308,"2430801,2430802,2430803,2430804,2430805,2430806,2430807,2430808",1500,12
24309,"2430901,2430902,2430903,2430904",600,12
24310,"2431001,2431002,2431003",0,12
24311,"2431101,2431102,2431103,2431104,2431105,2431106,2431107",4200,12
24312,"2431201,2431202,2431203,2431204,2431205,2431206,2431207,2431208",5250,12
25301,2530101,0,13
25302,"2530201,2530202",0,13
25303,"2530301,2530302",3150,13
25304,"2530401,2530402",1500,13
25305,"2530501,2530502,2530503",10000,13
25306,"2530601,2530602,2530603",5000,13
25307,"2530701,2530702,2530703",4000,13
25308,"2530801,2530802",3000,13
25309,"2530901,2530902,2530903",4000,13
25310,"2531001,2531002,2531003,2531004",2000,13
25311,"2531101,2531102,2531103",4400,13
25312,"2531201,2531202,2531203",2400,13
26301,2630101,,
26302,"2630201,2630202",,
26303,"2630301,2630302",,
26304,"2630401,2630402",,
26305,"2630501,2630502,2630503",,
26306,"2630601,2630602,2630603",,
26307,"2630701,2630702,2630703",,
26308,"2630801,2630802",,
26309,"2630901,2630902,2630903",,
26310,"2631001,2631002,2631003,2631004",,
26311,"2631101,2631102,2631103",,
26312,"2631201,2631202,2631203",,
27301,"2730101,2730102",2400,13
27302,"2730201,2730202",0,14
27303,"2730301,2730302,2730303,2730304",1000,14
27304,"2730401,2730402",9600,14
27305,"2730501,2730502,2730503",0,14
27306,"2730601,2730602,2730603,2730604",2000,14
27307,"2730701,2730702,2730703,2730704,2730705,2730706",7200,14
27308,"2730801,2730802",6000,14
27309,"2730901,2730902,2730903",3000,14
27310,"2731001,2731002,2731003,2731004",1500,14
27311,"2731101,2731102,2731103,2731104",10500,14
27312,"2731201,2731202,2731203,2731204,2731205,2731206,2731207",1200,15
28301,"2830101,2830102",,
28302,"2830201,2830202",,
28303,"2830301,2830302,2830303,2830304",,
28304,"2830401,2830402",,
28305,"2830501,2830502,2830503",,
28306,"2830601,2830602,2830603,2830604",,
28307,"2830701,2830702,2830703,2830704,2830705,2830706",,
28308,"2830801,2830802",,
28309,"2830901,2830902,2830903",,
28310,"2831001,2831002,2831003,2831004",,
28311,"2831101,2831102,2831103,2831104",,
28312,"2831201,2831202,2831203,2831204,2831205,2831206,2831207",,
29301,2930101,1200,15
29302,"2930201,2930202",1200,15
29303,"2930301,2930302",1200,15
29304,"2930401,2930402,2930403",1200,15
29305,"2930501,2930502,2930503",1200,15
29306,"2930601,2930602",2500,15
29307,"2930701,2930702,2930703",2500,15
29308,"2930801,2930802,2930803,2930804,2930805,2930806",3000,15
29309,"2930901,2930902",5000,15
29310,"2931001,2931002,2931003",6000,16
29311,"2931101,2931102,2931103",5000,16
29312,"2931201,2931202,2931203,2931204,2931205,2931206",0,16
29313,"2931301,2931302,2931303,2931304,2931305,2931306,2931307",2700,16
30301,3030101,,
30302,"3030201,3030202",,
30303,"3030301,3030302",,
30304,"3030401,3030402,3030403",,
30305,"3030501,3030502,3030503",,
30306,"3030601,3030602",,
30307,"3030701,3030702,3030703",,
30308,"3030801,3030802,3030803,3030804,3030805,3030806",,
30309,"3030901,3030902",,
30310,"3031001,3031002,3031003",,
30311,"3031101,3031102,3031103",,
30312,"3031201,3031202,3031203,3031204,3031205,3031206",,
30313,"3031301,3031302,3031303,3031304,3031305,3031306,3031307",,
31301,"3130101,3130102",,
31302,"3130201,3130202,3130203",,
31303,"3130301,3130302,3130303",,
31304,"3130401,3130402,3130403,3130404,3130405,3130406",,
31305,"3130501,3130502,3130503,3130504,3130505",,
31306,"3130601,3130602,3130603",,
31307,"3130701,3130702,3130703,3130704,3130705,3130706",,
31308,"3130801,3130802,3130803,3130804,3130805,3130806",,
31309,"3130901,3130902,3130903,3130904,3130905,3130906",,
31310,"3131001,3131002,3131003",,
31311,"3131101,3131102,3131103,3131104,3131105",,
31312,"3131201,3131202,3131203",,
31313,"3131301,3131302,3131303,3131304,3131305,3131306,3131307",,
31314,"3131401,3131402,3131403,3131404,3131405,3131406,3131407,3131408,3131409",,
32301,"3230101,3230102",0,16
32302,"3230201,3230202,3230203",,
32303,"3230301,3230302,3230303",,
32304,"3230401,3230402,3230403,3230404,3230405,3230406",,
32305,"3230501,3230502,3230503,3230504,3230505",,
32306,"3230601,3230602,3230603",,
32307,"3230701,3230702,3230703,3230704,3230705,3230706",,
32308,"3230801,3230802,3230803,3230804,3230805,3230806",,
32309,"3230901,3230902,3230903,3230904,3230905,3230906",,
32310,"3231001,3231002,3231003",,
32311,"3231101,3231102,3231103,3231104,3231105",,
32312,"3231201,3231202,3231203",,
32313,"3231301,3231302,3231303,3231304,3231305,3231306,3231307",,
32314,"3231401,3231402,3231403,3231404,3231405,3231406,3231407,3231408,3231409",,
33301,"3330101,3330102",16500,17
33302,"3330201,3330202",10500,17
33303,"3330301,3330302",16800,17
33304,"3330401,3330402,3330403",23000,17
33305,"3330501,3330502",16500,17
33306,"3330601,3330602,3330603",10500,17
33307,"3330701,3330702,3330703",16800,17
33308,"3330801,3330802,3330803",9600,17
33309,"3330901,3330902,3330903,3330904",24000,17
33310,"3331001,3331002,3331003,3331004",11000,17
33311,"3331101,3331102",,17
33312,"3331201,3331202",,17
33313,"3331301,3331302,3331303",,17
33314,"3331401,3331402,3331403,3331404,3331405",,17
34301,"3430101,3430102",,
34302,"3430201,3430202",,
34303,"3430301,3430302",,
34304,"3430401,3430402,3430403",,
34305,"3430501,3430502",,
34306,"3430601,3430602,3430603",,
34307,"3430701,3430702,3430703",,
34308,"3430801,3430802,3430803",,
34309,"3430901,3430902,3430903,3430904",,
34310,"3431001,3431002,3431003,3431004",,
34311,"3431101,3431102",,
34312,"3431201,3431202",,
34313,"3431301,3431302,3431303",,
34314,"3431401,3431402,3431403,3431404,3431405",,
35301,3530101,11000,18
35302,"3530201,3530202",7000,18
35303,"3530301,3530302,3530303",7000,18
35304,"3530401,3530402,3530403",11000,18
35305,"3530501,3530502,3530503,3530504",4000,18
35306,"3530601,3530602,3530603,3530604,3530605,3530606",7200,18
35307,"3530701,3530702,3530703,3530704",3000,18
35308,"3530801,3530802,3530803",20400,18
35309,"3530901,3530902,3530903,3530904",9000,18
35310,"3531001,3531002,3531003",,18
35311,"3531101,3531102",,18
35312,"3531201,3531202,3531203",,18
35313,"3531301,3531302,3531303,3531304,3531305",,18
35314,"3531401,3531402,3531403,3531404,3531405,3531406",,18
36301,3630101,,
36302,"3630201,3630202",,
36303,"3630301,3630302,3630303",,
36304,"3630401,3630402,3630403",,
36305,"3630501,3630502,3630503,3630504",,
36306,"3630601,3630602,3630603,3630604,3630605,3630606",,
36307,"3630701,3630702,3630703,3630704",,
36308,"3630801,3630802,3630803",,
36309,"3630901,3630902,3630903,3630904",,
36310,"3631001,3631002,3631003",,
36311,"3631101,3631102",,
36312,"3631201,3631202,3631203",,
36313,"3631301,3631302,3631303,3631304,3631305",,
36314,"3631401,3631402,3631403,3631404,3631405,3631406",,
37301,"3730101,3730102,3730103",22200,19
37302,"3730201,3730202,3730203",30000,19
37303,"3730301,3730302",14500,19
37304,"3730401,3730402,3730403",6500,19
37305,"3730501,3730502,3730503,3730504,3730505,3730506",15600,19
37306,"3730601,3730602,3730603,3730604",7500,19
37307,"3730701,3730702,3730703,3730704,3730705",15600,19
37308,"3730801,3730802,3730803",7500,19
37309,"3730901,3730902,3730903,3730904,3730905,3730906,3730907",8000,19
37310,"3731001,3731002,3731003,3731004,3731005",4620,19
37311,"3731101,3731102,3731103,3731104,3731105",31520,19
37312,"3731201,3731202",4200,19
37313,"3731301,3731302,3731303,3731304",2000,19
37314,"3731401,3731402,3731403",,19
37315,"3731501,3731502,3731503,3731504,3731505,3731506,3731507,3731508",,19
38301,"3830101,3830102,3830103",,
38302,"3830201,3830202,3830203",,
38303,"3830301,3830302",,
38304,"3830401,3830402,3830403",,
38305,"3830501,3830502,3830503,3830504,3830505,3830506",,
38306,"3830601,3830602,3830603,3830604",,
38307,"3830701,3830702,3830703,3830704,3830705",,
38308,"3830801,3830802,3830803",,
38309,"3830901,3830902,3830903,3830904,3830905,3830906,3830907",,
38310,"3831001,3831002,3831003,3831004,3831005",,
38311,"3831101,3831102,3831103,3831104,3831105",,
38312,"3831201,3831202",,
38313,"3831301,3831302,3831303,3831304",,
38314,"3831401,3831402,3831403",,
38315,"3831501,3831502,3831503,3831504,3831505,3831506,3831507,3831508",,
39301,"3930101,3930102",,
39302,"3930201,3930202,3930203,3930204,3930205",,
39303,"3930301,3930302,3930303,3930304,3930305,3930306",,
39304,"3930401,3930402,3930403,3930404,3930405,3930406",,
39305,"3930501,3930502,3930503,3930504,3930505,3930506",,
39306,"3930601,3930602,3930603",,
39307,"3930701,3930702,3930703,3930704,3930705,3930706,3930707",,
39308,"3930801,3930802,3930803,3930804,3930805,3930806,3930807,3930808",,
39309,"3930901,3930902,3930903,3930904",,
39310,"3931001,3931002,3931003",,
39311,"3931101,3931102,3931103,3931104,3931105,3931106,3931107",,
39312,"3931201,3931202,3931203,3931204,3931205,3931206,3931207,3931208",,
39313,"3931301,3931302,3931303,3931304,3931305,3931306",,
39314,"3931401,3931402,3931403",,
39315,"3931501,3931502",,
39316,"3931601,3931602,3931603,3931604,3931605,3931606,3931607,3931608,3931609,3931610,3931611,3931612",,
40301,"4030101,4030102",4620,20
40302,"4030201,4030202,4030403,4030204,4030205",31520,20
40303,"4030301,4030302,4030303,4030304,4030305,4030306",4200,20
40304,"4030401,4030402,4030403,4030404,4030405,4030406",10000,20
40305,"4030501,4030502,4030503,4030504,4030505,4030506",16000,20
40306,"4030601,4030602,4030603",14000,20
40307,"4030701,4030702,4030703,4030704,4030705,4030706,4030707",8700,20
40308,"4030801,4030802,4030803,4030804,4030805,4030806,4030807,4030808",0,20
40309,"4030901,4030902,4030903,4030904",1000,20
40310,"4031001,4031002,4031003",17400,20
40311,"4031101,4031102,4031103,4031104,4031105,4031106,4031107",22050,20
40312,"4031201,4031202,4031403,4031204,4031205,4031206,4031207,4031208",22000,20
40313,"4031301,4031302,4031303,4031304,4031305,4031306",26400,20
40314,"4031401,4031402,4031403",6400,20
40315,"4031501,4031502",11160,20
40316,"4031601,4031602,4031603,4031604,4031605,4031606,4031607,4031608,4031609,4031610,4031611,4031612",7000,20
101301,"10130101,10130102",31500,101
101302,"10130201,10130202,10130203",8800,101
101303,"10130301,10130302,10130303,10130304",12000,101
101304,"10130401,10130402,10130403,10130404",89100,101
101305,"10130501,10130502,10130503,10130504,10130505",94500,101
102301,"10230101,10230102",24500,102
102302,"10230201,10230202,10230203,10230204,10230205",1000,102
102303,"10230301,10230302,10230303",22500,102
102304,"10230401,10230402,10230403,10230404,10230405,10230406",9000,102
102305,"10230501,10230502,10230503,10230504,10230505,10230506",15000,102
102306,"10230601,10230602,10230603,10230604,10230605,10230606",,102
102307,"10230701,10230702,10230703,10230704,10230705",,102
102308,"10230801,10230802,10230803",,102
102309,"10230901,10230902,10230903,10230904,10230905,10230906,10230907",,102
102310,"10231001,10231002,10231003,10231004,10231005,10231006,10231007,10231008,10231009",,102
103301,"10330101,10330102",5000,103
103302,"10330201,10330202",15000,103
103303,"10330301,10330302,10330303,10330304",2600,103
103304,"10330401,10330402,10330403,10330404,10330405,10330406",2600,103
103305,"10330501,10330502,10330503,10330504,10330505,10330506",3600,103
103306,"10330601,10330602,10330603",,103
103307,"10330701,10330702,10330703,10330704,10330705,10330706",,103
103308,"10330801,10330802,10330803,10330804,10330805,10330806",,103
103309,"10330901,10330902,10330903,10330904",,103
103310,"10331001,10331002,10331003",,103
103311,"10331101,10331102,10331103,10331104,10331105,10331106,10331107",,103
103312,"10331201,10331202,10331203,10331204,10331205,10331206,10331207,10331208",,103
104301,"10430101,10430102",21000,104
104302,"10430201,10430202,10430203",7500,104
104303,"10430301,10430302,10430303",1800,104
104304,"10430401,10430402,10430403,10430404,10430405,10430406",1600,104
104305,"10430501,10430502,10430503,10430504",1000,104
104306,"10430601,10430602,10430603",,104
104307,"10430701,10430702,10430703,10430704,10430705,10430706",,104
104308,"10430801,10430802,10430803,10430804,10430805,10430806",,104
104309,"10430901,10430902,10430903,10430904,10430905,10430906",,104
104310,"10431001,10431002,10431003",,104
104311,"10431101,10431102,10431103,10431104",,104
104312,"10431201,10431202,10431203",,104
104313,"10431301,10431302,10431303,10431304,10431305,10431306,10431307",,104
104314,"10431401,10431402,10431403,10431404,10431405,10431406,10431407,10431408",,104
105301,"10530101,10530102",10200,105
105302,"10530201,10530202,10530203",,105
105303,"10530301,10530302,10530303,10530304",,105
105304,"10530401,10530402,10530403,10530404,10530405,10530406",,105
105305,"10530501,10530502,10530503,10530504,10530505",,105
105306,"10530601,10530602,10530603",,105
105307,"10530701,10530702,10530703,10530704,10530705",,105
105308,"10530801,10530802,10530803,10530804,10530805",,105
105309,"10530901,10530902,10530903,10530904",,105
105310,"10531001,10531002,10531003",,105
105311,"10531101,10531102,10531103,10531104,10531105",,105
105312,"10531201,10531202,10531203,10531204,10531205,10531206",,105
105313,"10531301,10531302,10531303,10531304",,105
105314,"10531401,10531402,10531403",,105
105315,"10531501,10531502",,105
105316,"10531601,10531602,10531603,10531604,10531605,10531606,10531607,10531608,10531609,10531610",,105