关卡序列Id,前置关卡,下一个关卡,关卡Id,难度,场景类型,归属地图,归属地图,前置关卡,隐藏关卡,关卡类型,关卡生命,关卡总的波次数,关卡分配物资,关卡怪物波配置,关卡相关限定配置,关卡基础积分,需要荣誉值,需要星数,消耗能量,需要等级,通关经验奖励,通关荣誉值奖励,通关金币奖励,通关道具奖励,掉落档次,掉落信息,挂机经验,挂机时间,挂机消耗能量,是否有飞行怪,推荐塔平均等级,怪物生命系数,怪物攻击力系数,建塔最高等级
configId,preTollId,nextTollId,tollId,hard,sceneType,mapId,*mapId,*preTollId,hideTollId,tollType,life,waveTimes,goods,wave,tollLimitId,baseScore,needHonor,needStar,needEnergy,needLevel,expReward,honorReward,passReward,succReward,dropLevel,dropInfo,hangExp,hangTime,hangNeedEnergy,flyMonster,recommandTowerLvl,monsterLifeScale,monsterAtkScale,maxTowerLvl
100000001,0,0,10000000,1,6,1000,1,,0,0,1,50,0,1,4001,0,0,0,0,1,0,0,0,,,1700001,,,,0,2,20,1,1:10;2:10;3:10;4:10
100110111,,"100110112,100110211",10011011,1,1,1001,1,,100110101,1,99,6,265,"1101,1102,1103,1104,1105,1106",1001,100,0,0,5,1,415,10,105,330001,1,1701011,4,300,3,0,1,1.12,1,1:0;2:3;3:1;4:0
100110112,100110111,"100110212,100110113",10011011,2,1,1001,1,,100110101,1,1,1,315,1201,2009,120,0,0,5,1,415,10,110,330002,2,1701012,4,300,3,0,3,1.19,1,
100110113,100110112,100110213,10011011,3,1,1001,1,,100110101,1,1,6,170,"1301,1302,1303,1304,1305,1306",2001,150,0,0,5,1,415,10,115,330003,3,1701013,4,300,3,0,5,1.27,1,
100110211,100110111,"100110212,100110311",10011021,1,1,1001,2,10011011,100110101,1,20,7,270,"2101,2102,2103,2104,2105,2106,3107",2001,100,10,0,5,1,430,10,110,330003,1,1701021,4,300,3,0,2,1.25,1,
100110212,"100110112,100110211","100110312,100110213",10011021,2,1,1001,2,10011011,100110101,1,1,1,240,2201,2010,120,10,0,5,1,430,10,115,330003,2,1701022,4,300,3,0,4,1.32,1,
100110213,"100110113,100110212",100110313,10011021,3,1,1001,2,10011011,100110101,1,1,6,330,"2301,2302,2303,2304,2305,2306",2001,150,10,0,5,1,430,10,120,330003,3,1701023,4,300,3,0,6,1.4,1,
100110311,100110211,"100110312,100110411",10011031,1,1,1001,3,10011021,100110101,1,20,7,275,"3101,3102,3103,3104,3105,3106,3107",2001,150,15,0,5,1,445,11,115,330003,1,1701031,4,300,3,0,3,1.38,1,
100110312,"100110212,100110311","100110412,100110313",10011031,2,1,1001,3,10011021,100110101,1,1,1,300,3201,2002,150,15,0,5,1,445,11,120,330003,2,1701032,4,300,3,0,5,1.45,1,
100110313,"100110213,100110312",100110413,10011031,3,1,1001,3,10011021,100110101,1,1,6,250,"3301,3302,3303,3304,3305,3306",2001,150,15,0,5,1,445,11,125,330003,3,1701033,4,300,3,0,7,1.53,1,
100110411,100110311,"100110412,100110511",10011041,1,1,1001,4,10011031,100110101,1,20,8,360,"4101,4102,4103,4104,4105,4106,4107,4108",2001,150,20,0,5,1,460,13,120,330003,1,1701041,4,300,3,0,5,1.64,1,
100110412,"100110312,100110411","100110512,100110413",10011041,2,1,1001,4,10011031,100110101,1,1,1,480,4201,2011,150,20,0,5,1,460,13,125,330003,2,1701042,4,300,3,0,7,1.71,1,
100110413,"100110313,100110412",100110513,10011041,3,1,1001,4,10011031,100110101,1,1,6,420,"4301,4302,4303,4304,4305,4306",2001,150,20,0,5,1,460,13,130,330003,3,1701043,4,300,3,0,9,1.79,1,
100110511,100110411,"100110512,100110611",10011051,1,1,1001,5,10011041,100110101,1,20,9,550,"5101,5102,5103,5104,5105,5106,5107,5108,5109",2001,100,25,0,5,5,475,15,125,330003,1,1701051,4,300,3,0,6,1.76,1,
100110512,"100110412,100110511","100110612,100110513",10011051,2,1,1001,5,10011041,100110101,1,1,1,500,5201,2008,120,25,0,5,1,475,15,130,330003,2,1701052,4,300,3,0,8,1.06,1,
100110513,"100110413,100110512",100110613,10011051,3,1,1001,5,10011041,100110101,1,1,6,450,"5301,5302,5303,5304,5305,5306",2001,150,25,0,5,1,475,15,135,330003,3,1701053,4,300,3,0,10,1.91,1,
100110611,100110511,"100110612,100110711",10011061,1,1,1001,6,10011051,100110101,1,20,11,300,"6101,6102,6103,6104,6105,6106,6107,6108,6109,6110,6111",3001,150,300,0,5,1,490,17,130,330003,1,1701061,4,300,3,0,7,1.89,1,
100110612,"100110512,100110611","100110712,100110613",10011061,2,1,1001,6,10011051,100110101,1,1,1,510,6201,3005,150,300,0,5,1,490,17,135,330003,2,1701062,4,300,3,0,9,1.96,1,
100110613,"100110513,100110612",100110713,10011061,3,1,1001,6,10011051,100110101,1,1,6,410,"6301,6302,6303,6304,6305,6306",3001,150,300,0,5,1,490,17,140,330003,3,1701063,4,300,3,0,11,2.04,1,
100110711,100110611,"100110712,100110811",10011071,1,1,1001,7,10011061,100110101,1,20,11,450,"7101,7102,7103,7104,7105,7106,7107,7108,7109,7110,7111",3001,150,500,0,5,1,505,19,135,330003,1,1701071,4,300,3,0,8,2.02,1,
100110712,"100110612,100110711","100110812,100110713",10011071,2,1,1001,7,10011061,100110101,1,1,1,700,7201,3007,150,500,0,5,1,505,19,140,330003,2,1701072,4,300,3,0,10,2.09,1,
100110713,"100110613,100110712",100110813,10011071,3,1,1001,7,10011061,100110101,1,1,6,350,"7301,7302,7303,7304,7305,7306",3001,150,500,0,5,1,505,19,145,330003,3,1701073,4,300,3,0,12,2.17,1,
100110811,100110711,"100110812,100110101,100210111",10011081,1,1,1001,8,10011071,100110101,1,20,11,380,"8101,8102,8103,8104,8105,8106,8107,8108,8109,8110,8111",3001,100,700,0,5,1,520,22,140,330003,1,1701081,10,300,3,0,10,1.68,1,
100110812,"100110712,100110811","100110813,100210112",10011081,2,1,1001,8,10011071,100110101,1,1,1,460,8201,3008,120,700,0,5,1,520,22,145,330003,2,1701082,10,300,3,0,12,1.75,1,
100110813,"100110713,100110812",100210113,10011081,3,1,1001,8,10011071,100110101,1,1,6,320,"8301,8302,8303,8304,8305,8306",3001,150,700,0,5,1,520,22,150,330003,3,1701083,10,300,3,0,14,1.83,1,
100210111,100110811,"100210112,100210211",10021011,1,2,1002,1,10011081,100210201,1,20,8,360,"9101,9102,9103,9104,9105,9106,9107,9108,9109,9110,9111,9112,9113",4001,100,1700,24,5,11,630,26,155,330003,1,1702011,6,300,3,0,11,2.50 ,1,
100210112,"100110812,100210111","100210212,100210113",10021011,2,2,1002,1,10011081,100210201,1,1,1,1200,9201,4005,120,1700,24,5,2,630,26,160,330003,2,1702012,6,300,3,0,13,3.30 ,1,
100210113,"100110813,100210112",100210213,10021011,3,2,1002,1,10011081,100210201,1,1,8,880,"9301,9302,9303,9304,9305,9306",4001,150,1700,24,5,2,630,26,165,330003,3,1702013,6,300,3,0,15,1.60 ,1,
100210211,100210111,"100210212,100210311",10021021,1,2,1002,2,10021011,100210201,1,20,8,680,"10101,10102,10103,10104,10105,10106,10107,10108,10109,10110,10111,10112,10113",4001,100,2800,24,5,2,645,30,160,330003,1,1702021,6,300,3,0,12,3.81 ,1,
100210212,"100210112,100210211","100210312,100210213",10021021,2,2,1002,2,10021011,100210201,1,1,1,680,10201,4011,120,2800,24,5,2,645,30,165,330003,2,1702022,6,300,3,0,14,3.11 ,1,
100210213,"100210113,100210212",100210313,10021021,3,2,1002,2,10021011,100210201,1,1,8,600,"10301,10302,10303,10304,10305,10306",4001,150,2800,24,5,2,645,30,170,330003,3,1702023,6,300,3,1,16,3.09 ,1,
100210311,100210211,"100210312,100210411",10021031,1,2,1002,3,10021021,100210201,1,20,8,600,"11101,11102,11103,11104,11105,11106,11107,11108,11109,11110,11111,11112,11113",4001,100,4000,30,5,2,660,34,165,330003,1,1702031,6,300,3,0,13,3.81 ,1,
100210312,"100210212,100210311","100210412,100210313",10021031,2,2,1002,3,10021021,100210201,1,1,3,950,11201,4004,120,4000,30,5,2,660,34,170,330003,2,1702032,6,300,3,0,15,3.30 ,1,
100210313,"100210213,100210312",100210413,10021031,3,2,1002,3,10021021,100210201,1,1,8,600,"11301,11302,11303,11304,11305,11306",4001,150,4000,30,5,2,660,34,175,330003,3,1702033,6,300,3,0,17,3.49 ,1,
100210411,100210311,"100210412,100210511",10021041,1,2,1002,4,10021031,100210201,1,20,8,700,"12101,12102,12103,12104,12105,12106,12107,12108,12109,12110,12111,12112,12113,12114",4001,100,5000,30,5,2,675,38,170,330003,1,1702041,6,300,3,0,15,4.30 ,1,
100210412,"100210312,100210411","100210512,100210413",10021041,2,2,1002,4,10021031,100210201,1,1,3,1000,12201,4003,120,5000,30,5,2,675,38,175,330003,2,1702042,6,300,3,0,17,3.55 ,1,
100210413,"100210313,100210412",100210513,10021041,3,2,1002,4,10021031,100210201,1,1,8,600,"12301,12302,12303,12304,12305,12306",4001,150,5000,30,5,2,675,38,180,330003,3,1702043,6,300,3,1,19,1.64 ,1,
100210511,100210411,"100210512,100210611",10021051,1,2,1002,5,10021041,100210201,1,20,8,750,"13101,13102,13103,13104,13105,13106,13107,13108,13109,13110,13111,13112,13113,13114,13115",4001,100,7000,36,5,2,690,43,175,330003,1,1702051,6,300,3,0,16,4.54 ,1,
100210512,"100210412,100210511","100210612,100210513",10021051,2,2,1002,5,10021041,100210201,1,1,5,900,13201,4005,120,7000,36,5,2,690,43,180,330003,2,1702052,6,300,3,0,18,2.09 ,1,
100210513,"100210413,100210512",100210613,10021051,3,2,1002,5,10021041,100210201,1,1,8,660,"13301,13302,13303,13304,13305,13306",4001,150,7000,36,5,2,690,43,185,330003,3,1702053,6,300,3,0,20,4.08 ,1,
100210611,100210511,"100210612,100210711",10021061,1,2,1002,6,10021051,100210201,1,20,8,660,"14101,14102,14103,14104,14105,14106,14107,14108,14109,14110,14111,14112,14113",4001,100,9000,36,5,2,705,49,180,330003,1,1702061,6,300,3,1,17,4.52 ,1,
100210612,"100210512,100210611","100210712,100210613",10021061,2,2,1002,6,10021051,100210201,1,1,5,950,14201,4009,120,9000,36,5,2,705,49,185,330003,2,1702062,6,300,3,1,19,2.05 ,1,
100210613,"100210513,100210612",100210713,10021061,3,2,1002,6,10021051,100210201,1,1,8,850,"14301,14302,14303,14304,14305,14306",4001,150,9000,36,5,2,705,49,190,330003,3,1702063,6,300,3,1,21,4.19 ,1,
100210711,100210611,"100210712,100210811",10021071,1,2,1002,7,10021061,100210201,1,20,10,1200,"15101,15102,15103,15104,15105,15106,15107,15108,15109,15110,15111,15112,15113,15114,15115",4001,100,11000,36,5,2,720,55,185,330003,1,1702071,6,300,3,1,18,5.67 ,1,
100210712,"100210612,100210711","100210812,100210713",10021071,2,2,1002,7,10021061,100210201,1,1,10,2500,15201,4002,120,11000,36,5,2,720,55,190,330003,2,1702072,6,300,3,1,20,3.46 ,1,
100210713,"100210613,100210712",100210813,10021071,3,2,1002,7,10021061,100210201,1,1,10,1500,"15301,15302,15303,15304,15305,15306",4001,150,11000,36,5,2,720,55,195,330003,3,1702073,6,300,3,1,22,3.58 ,1,
100210811,100210711,"100210812,100210201,100310111",10021081,1,2,1002,8,10021071,100210201,1,20,10,750,"16101,16102,16103,16104,16105,16106,16107,16108,16109,16110,16111,16112,16113,16114,16115",4001,100,13000,42,5,2,735,61,190,330003,1,1702081,12,300,3,1,20,5.14 ,1,
100210812,"100210712,100210811","100210813,100310112",10021081,2,2,1002,8,10021071,100210201,1,1,10,750,16201,4011,120,13000,42,5,2,735,61,195,330003,2,1702082,12,300,3,1,22,2.89 ,1,
100210813,"100210713,100210812",100310113,10021081,3,2,1002,8,10021071,100210201,1,1,10,1600,"16301,16302,16303,16304,16305,16306",4001,150,13000,42,5,2,735,61,200,330003,3,1702083,12,300,3,1,24,3.11 ,1,
100310111,100210811,"100310112,100310211",10031011,1,3,1003,1,10021081,100310301,1,20,10,100,"17101,17102,17103,17104,17105,17106,17107,17108,17109,17110",4001,100,19000,48,5,21,815,67,205,330003,1,1703011,8,300,3,0,21,3.36,1,
100310112,"100210812,100310111","100310212,100310113",10031011,2,3,1003,1,10021081,100310301,1,20,1,150,17201,4001,120,19000,48,5,3,815,67,210,330003,2,1703012,8,300,3,0,23,3.43,1,
100310113,"100210813,100310112",100310213,10031011,3,3,1003,1,10021081,100310301,1,20,10,200,"17301,17302,17303,17304,17305,17306,17307,17308,17309,17310",4001,150,19000,48,5,3,815,67,215,330003,3,1703013,8,300,3,1,25,3.51,1,
100310211,100310111,"100310212,100310311",10031021,1,3,1003,2,10031011,100310301,1,20,10,100,"18101,18102,18103,18104,18105,18106,18107,18108,18109,18110",4001,100,30000,48,5,3,830,74,210,330003,1,1703021,8,300,3,0,22,3.52,1,
100310212,"100310112,100310211","100310312,100310213",10031021,2,3,1003,2,10031011,100310301,1,20,1,200,18201,4001,120,30000,48,5,3,830,74,215,330003,2,1703022,8,300,3,0,24,3.59,1,
100310213,"100310113,100310212",100310313,10031021,3,3,1003,2,10031011,100310301,1,20,10,240,"18301,18302,18303,18304,18305,18306,18307,18308,18309,18310",4001,150,30000,48,5,3,830,74,220,330003,3,1703023,8,300,3,1,26,3.67,1,
100310311,100310211,"100310312,100310411",10031031,1,3,1003,3,10031021,100310301,1,20,10,150,"19101,19102,19103,19104,19105,19106,19107,19108,19109,19110",4001,100,40000,54,5,3,845,82,215,330003,1,1703031,8,300,3,0,23,3.68,1,
100310312,"100310212,100310311","100310412,100310313",10031031,2,3,1003,3,10031021,100310301,1,20,3,200,"19201,19202,19203",4001,120,40000,54,5,3,845,82,220,330003,2,1703032,8,300,3,1,25,3.75,1,
100310313,"100310213,100310312",100310413,10031031,3,3,1003,3,10031021,100310301,1,20,10,240,"19301,19302,19303,19304,19305,19306,19307,19308,19309,19310",4009,150,40000,54,5,3,845,82,225,330003,3,1703033,8,300,3,1,27,3.83,1,
100310411,100310311,"100310412,100310511",10031041,1,3,1003,4,10031031,100310301,1,20,10,200,"20101,20102,20103,20104,20105,20106,20107,20108,20109,20110",4001,100,40000,60,5,3,860,90,220,330003,1,1703041,8,300,3,0,25,4,1,
100310412,"100310312,100310411","100310512,100310413",10031041,2,3,1003,4,10031031,100310301,1,20,3,240,"20201,20202,20203",4001,120,40000,60,5,3,860,90,225,330003,2,1703042,8,300,3,1,27,4.07,1,
100310413,"100310313,100310412",100310513,10031041,3,3,1003,4,10031031,100310301,1,20,10,300,"20301,20302,20303,20304,20305,20306,20307,20308,20309,20310",4001,150,40000,60,5,3,860,90,230,330003,3,1703043,8,300,3,1,29,4.15,1,
100310511,100310411,"100310512,100310611",10031051,1,3,1003,5,10031041,100310301,1,20,11,200,"21101,21102,21103,21104,21105,21106,21107,21108,21109,21110,21111",4001,100,50000,60,5,3,875,98,225,330003,1,1703051,8,300,3,1,26,4.16,1,
100310512,"100310412,100310511","100310612,100310513",10031051,2,3,1003,5,10031041,100310301,1,20,5,260,"21201,21202,21203,21204,21205",4001,120,50000,60,5,3,875,98,230,330003,2,1703052,8,300,3,1,28,4.23,1,
100310513,"100310413,100310512",100310613,10031051,3,3,1003,5,10031041,100310301,1,20,11,300,"21301,21302,21303,21304,21305,21306,21307,21308,21309,21310,21311",4011,150,50000,60,5,3,875,98,235,330003,3,1703053,8,300,3,1,30,4.31,1,
100310611,100310511,"100310612,100310711",10031061,1,3,1003,6,10031051,100310301,1,20,11,200,"22101,22102,22103,22104,22105,22106,22107,22108,22109,22110,22111",4001,100,60000,60,5,3,890,106,230,330003,1,1703061,8,300,3,1,27,4.32,1,
100310612,"100310512,100310611","100310712,100310613",10031061,2,3,1003,6,10031051,100310301,1,20,5,280,"22201,22202,22203,22204,22205",4001,120,60000,60,5,3,890,106,235,330003,2,1703062,8,300,3,1,29,4.39,1,
100310613,"100310513,100310612",100310713,10031061,3,3,1003,6,10031051,100310301,1,20,11,300,"22301,22302,22303,22304,22305,22306,22307,22308,22309,22310,22311",4001,150,60000,60,5,3,890,106,240,330003,3,1703063,8,300,3,0,31,4.47,1,
100310711,100310611,"100310712,100310811",10031071,1,3,1003,7,10031061,100310301,1,20,12,200,"23101,23102,23103,23104,23105,23106,23107,23108,23109,23110,23111,23112",4001,100,70000,60,5,3,905,115,235,330003,1,1703071,8,300,3,1,28,4.48,1,
100310712,"100310612,100310711","100310812,100310713",10031071,2,3,1003,7,10031061,100310301,1,20,10,300,"23201,23202,23203,23204,23205,23206,23207,23208,23209,23210",4001,120,70000,60,5,3,905,115,240,330003,2,1703072,8,300,3,1,30,4.55,1,
100310713,"100310613,100310712",100310813,10031071,3,3,1003,7,10031061,100310301,1,20,12,900,"23301,23302,23303,23304,23305,23306,23307,23308,23309,23310,23311,23312",4014,150,70000,60,5,3,905,115,245,330003,3,1703073,8,300,3,1,32,4.63,1,
100310811,100310711,"100310812,100310301,100410111",10031081,1,3,1003,8,10031071,100310301,1,20,12,300,"24101,24102,24103,24104,24105,24106,24107,24108,24109,24110,24111,24112",4001,100,80000,66,5,3,920,125,240,330003,1,1703081,14,300,3,1,30,4.8,1,
100310812,"100310712,100310811","100310813,100410112",10031081,2,3,1003,8,10031071,100310301,1,20,10,350,"24201,24202,24203,24204,24205,24206,24207,24208,24209,24210",4001,120,80000,66,5,3,920,125,245,330003,2,1703082,14,300,3,1,32,4.87,1,
100310813,"100310713,100310812",100410113,10031081,3,3,1003,8,10031071,100310301,1,20,12,400,"24301,24302,24303,24304,24305,24306,24307,24308,24309,24310,24311,24312",4001,150,80000,66,5,3,920,125,250,330003,3,1703083,14,300,3,1,34,4.95,1,
100410111,100310811,"100410112,100410211",10041011,1,4,1004,1,10031081,100410401,1,20,12,100,"25101,25102,25103,25104,25105,25106,25107,25108,25109,25110,25111,25112",4001,100,90000,72,5,31,1015,135,255,330003,1,1704011,10,300,3,0,31,4.96,1,
100410112,"100310812,100410111","100410212,100410113",10041011,2,4,1004,1,10031081,100410401,1,20,1,180,25201,4001,120,90000,72,5,4,1015,135,260,330003,2,1704012,10,300,3,1,33,5.03,1,
100410113,"100310813,100410112",100410213,10041011,3,4,1004,1,10031081,100410401,1,20,12,150,"25301,25302,25303,25304,25305,25306,25307,25308,25309,25310,25311,25312",4001,150,90000,72,5,4,1015,135,265,330003,3,1704013,10,300,3,1,35,5.11,1,
100410211,100410111,"100410212,100410311",10041021,1,4,1004,2,10041011,100410401,1,20,12,100,"26101,26102,26103,26104,26105,26106,26107,26108,26109,26110,26111,26112",4001,100,110000,72,5,4,1030,145,260,330003,1,1704021,10,300,3,0,32,5.12,1,
100410212,"100410112,100410211","100410312,100410213",10041021,2,4,1004,2,10041011,100410401,1,20,1,180,26201,4001,120,110000,72,5,4,1030,145,265,330003,2,1704022,10,300,3,1,34,5.19,1,
100410213,"100410113,100410212",100410313,10041021,3,4,1004,2,10041011,100410401,1,20,12,150,"26301,26302,26303,26304,26305,26306,26307,26308,26309,26310,26311,26312",4001,150,110000,72,5,4,1030,145,270,330003,3,1704023,10,300,3,1,36,5.27,1,
100410311,100410211,"100410312,100410411",10041031,1,4,1004,3,10041021,100410401,1,20,12,150,"27101,27102,27103,27104,27105,27106,27107,27108,27109,27110,27111,27112",4001,100,120000,78,5,4,1045,155,265,330003,1,1704031,10,300,3,1,33,5.28,1,
100410312,"100410212,100410311","100410412,100410313",10041031,2,4,1004,3,10041021,100410401,1,20,3,50,"27201,27202,27203",4001,120,120000,78,5,4,1045,155,270,330003,2,1704032,10,300,3,1,35,5.35,1,
100410313,"100410213,100410312",100410413,10041031,3,4,1004,3,10041021,100410401,1,20,12,160,"27301,27302,27303,27304,27305,27306,27307,27308,27309,27310,27311,27312",4003,150,120000,78,5,4,1045,155,275,330003,3,1704033,10,300,3,1,37,5.43,1,
100410411,100410311,"100410412,100410511",10041041,1,4,1004,4,10041031,100410401,1,20,12,200,"28101,28102,28103,28104,28105,28106,28107,28108,28109,28110,28111,28112",4001,100,130000,78,5,4,1060,166,270,330003,1,1704041,10,300,3,1,35,5.6,1,
100410412,"100410312,100410411","100410512,100410413",10041041,2,4,1004,4,10041031,100410401,1,20,3,50,"28201,28202,28203",4001,120,130000,78,5,4,1060,166,275,330003,2,1704042,10,300,3,0,37,5.67,1,
100410413,"100410313,100410412",100410513,10041041,3,4,1004,4,10041031,100410401,1,20,12,180,"28301,28302,28303,28304,28305,28306,28307,28308,28309,28310,28311,28312",4001,150,130000,78,5,4,1060,166,280,330003,3,1704043,10,300,3,1,39,5.75,1,
100410511,100410411,"100410512,100410611",10041051,1,4,1004,5,10041041,100410401,1,20,13,200,"29101,29102,29103,29104,29105,29106,29107,29108,29109,29110,29111,29112,29113",4001,100,150000,84,5,4,1075,178,275,330003,1,1704051,10,300,3,1,36,5.76,1,
100410512,"100410412,100410511","100410612,100410513",10041051,2,4,1004,5,10041041,100410401,1,20,5,50,"29201,29202,29203,29204,29205",4001,120,150000,84,5,4,1075,178,280,330003,2,1704052,10,300,3,1,38,5.83,1,
100410513,"100410413,100410512",100410613,10041051,3,4,1004,5,10041041,100410401,1,20,13,180,"29301,29302,29303,29304,29305,29306,29307,29309,29309,29310,29311,29312,29313",4012,150,150000,84,5,4,1075,178,285,330003,3,1704053,10,300,3,1,40,5.91,1,
100410611,100410511,"100410612,100410711",10041061,1,4,1004,6,10041051,100410401,1,20,13,200,"30101,30102,30103,30104,30105,30106,30107,30108,30109,30110,30111,30112,30113",4001,100,170000,84,5,4,1090,190,280,330003,1,1704061,10,300,3,1,37,5.92,1,
100410612,"100410512,100410611","100410712,100410613",10041061,2,4,1004,6,10041051,100410401,1,20,5,50,"30201,30202,30203,30204,30205",4004,120,170000,84,5,4,1090,190,285,330003,2,1704062,10,300,3,1,39,5.99,1,
100410613,"100410513,100410612",100410713,10041061,3,4,1004,6,10041051,100410401,1,20,13,180,"30301,30302,30303,30304,30305,30306,30307,30309,30309,30310,30311,30312,30313",4001,150,170000,84,5,4,1090,190,290,330003,3,1704063,10,300,3,1,41,6.07,1,
100410711,100410611,"100410712,100410811",10041071,1,4,1004,7,10041061,100410401,1,20,14,200,"31101,31102,31103,31104,31105,31106,31107,31108,31109,31110,31111,31112,31113,31114",4001,100,180000,84,5,4,1105,202,285,330003,1,1704071,10,300,3,1,38,6.08,1,
100410712,"100410612,100410711","100410812,100410713",10041071,2,4,1004,7,10041061,100410401,1,20,10,50,"31201,31202,31203,31204,31205,31206,31207,31208,31209,31210",4001,120,180000,84,5,4,1105,202,290,330003,2,1704072,10,300,3,1,40,6.15,1,
100410713,"100410613,100410712",100410813,10041071,3,4,1004,7,10041061,100410401,1,20,14,180,"31301,31302,31303,31304,31305,31306,31307,31308,31309,31310,31311,31312,31313,31314",4014,150,180000,84,5,4,1105,202,295,330003,3,1704073,10,300,3,1,42,6.23,1,
100410811,100410711,"100410812,100410401,100510111",10041081,1,4,1004,8,10041071,100410401,1,20,14,300,"32101,32102,32103,32104,32105,32106,32107,32108,32109,32110,32111,32112,32113,32114",4001,100,200000,90,5,4,1120,214,290,330003,1,1704081,16,300,3,1,40,6.4,1,
100410812,"100410712,100410811","100410813,100510112",10041081,2,4,1004,8,10041071,100410401,1,20,10,50,"32201,32202,32203,32204,32205,32206,32207,32208,32209,32210",4001,120,200000,90,5,4,1120,214,295,330003,2,1704082,16,300,3,1,42,6.47,1,
100410813,"100410713,100410812",100510113,10041081,3,4,1004,8,10041071,100410401,1,20,14,200,"32301,32302,32303,32304,32305,32306,32307,32308,32309,32310,32311,32312,32313,32314",4001,150,200000,90,5,4,1120,214,300,330003,3,1704083,16,300,3,1,44,6.55,1,
100510111,100410811,"100510112,100510211",10051011,1,5,1005,1,10041081,100510501,1,20,14,100,"33101,33102,33103,33104,33105,33106,33107,33108,33109,33110,33111,33112,33113,33114",4001,100,220000,96,5,41,1215,227,305,330003,1,1705011,12,300,3,1,41,6.56,1,
100510112,"100410812,100510111","100510212,100510113",10051011,2,5,1005,1,10041081,100510501,1,20,1,50,33201,4001,120,220000,96,5,5,1215,227,310,330003,2,1705012,12,300,3,1,43,6.63,1,
100510113,"100410813,100510112",100510213,10051011,3,5,1005,1,10041081,100510501,1,20,14,150,"33301,33302,33303,33304,33305,33306,33307,33308,33309,33310,33311,33312,33313,33314",4001,150,220000,96,5,5,1215,227,315,330003,3,1705013,12,300,3,1,45,6.71,1,
100510211,100510111,"100510212,100510311",10051021,1,5,1005,2,10051011,100510501,1,20,14,100,"34101,34102,34103,34104,34105,34106,34107,34108,34109,34110,34111,34112,34113,34114",4001,100,250000,96,5,5,1230,241,310,330003,1,1705021,12,300,3,1,42,6.72,1,
100510212,"100510112,100510211","100510312,100510213",10051021,2,5,1005,2,10051011,100510501,1,20,1,50,34201,4001,120,250000,96,5,5,1230,241,315,330003,2,1705022,12,300,3,1,44,6.79,1,
100510213,"100510113,100510212",100510313,10051021,3,5,1005,2,10051011,100510501,1,20,14,150,"34301,34302,34303,34304,34305,34306,34307,34308,34309,34310,34311,34312,34313,34314",4001,150,250000,96,5,5,1230,241,320,330003,3,1705023,12,300,3,1,46,6.87,1,
100510311,100510211,"100510312,100510411",10051031,1,5,1005,3,10051021,100510501,1,20,14,150,"35101,35102,35103,35104,35105,35106,35107,35108,35109,35110,35111,35112,35113,35114",4001,100,270000,102,5,5,1245,255,315,330003,1,1705031,12,300,3,1,43,6.88,1,
100510312,"100510212,100510311","100510412,100510313",10051031,2,5,1005,3,10051021,100510501,1,20,3,50,"35201,35202,35203",4001,120,270000,102,5,5,1245,255,320,330003,2,1705032,12,300,3,1,45,6.95,1,
100510313,"100510213,100510312",100510413,10051031,3,5,1005,3,10051021,100510501,1,20,14,160,"35301,35302,35303,35304,35305,35306,35307,35308,35309,35310,35311,35312,35313,35314",4014,150,270000,102,5,5,1245,255,325,330003,3,1705033,12,300,3,1,47,7.03,1,
100510411,100510311,"100510412,100510511",10051041,1,5,1005,4,10051031,100510501,1,20,14,200,"36101,36102,36103,36104,36105,36106,36107,36108,36109,36110,36111,36112,36113,36114",4001,100,290000,102,5,5,1260,269,320,330003,1,1705041,12,300,3,1,45,7.2,1,
100510412,"100510312,100510411","100510512,100510413",10051041,2,5,1005,4,10051031,100510501,1,20,5,50,"36201,36202,36203",4001,120,290000,102,5,5,1260,269,325,330003,2,1705042,12,300,3,1,47,7.27,1,
100510413,"100510313,100510412",100510513,10051041,3,5,1005,4,10051031,100510501,1,20,14,180,"36301,36302,36303,36304,36305,36306,36307,36308,36309,36310,36311,36312,36313,36314",4001,150,290000,102,5,5,1260,269,330,330003,3,1705043,12,300,3,1,49,7.35,1,
100510511,100510411,"100510512,100510611",10051051,1,5,1005,5,10051041,100510501,1,20,14,200,"37101,37102,37103,37104,37105,37106,37107,37108,37109,37110,37111,37112,37113,37114",4001,100,320000,108,5,5,1275,283,325,330003,1,1705051,12,300,3,1,46,7.36,1,
100510512,"100510412,100510511","100510612,100510513",10051051,2,5,1005,5,10051041,100510501,1,20,5,50,"37201,37202,37203,37204,37205",4001,120,320000,108,5,5,1275,283,330,330003,2,1705052,12,300,3,1,48,7.43,1,
100510513,"100510413,100510512",100510613,10051051,3,5,1005,5,10051041,100510501,1,20,15,180,"37301,37302,37303,37304,37305,37306,37307,37308,37309,37310,37311,37312,37313,37314,37315",4013,150,320000,108,5,5,1275,283,335,330003,3,1705053,12,300,3,1,50,7.51,1,
100510611,100510511,"100510612,100510711",10051061,1,5,1005,6,10051051,100510501,1,20,14,200,"38101,38102,38103,38104,38105,38106,38107,38108,38109,38110,38111,38112,38113,38114",4001,100,340000,108,5,5,1290,298,330,330003,1,1705061,12,300,3,1,47,7.52,1,
100510612,"100510512,100510611","100510712,100510613",10051061,2,5,1005,6,10051051,100510501,1,20,5,50,"38201,38202,38203,38204,38205",4001,120,340000,108,5,5,1290,298,335,330003,2,1705062,12,300,3,1,49,7.59,1,
100510613,"100510513,100510612",100510713,10051061,3,5,1005,6,10051051,100510501,1,20,15,180,"38301,38302,38303,38304,38305,38306,38307,38308,38309,38310,38311,38312,38313,38314,38315",4013,150,340000,108,5,5,1290,298,340,330003,3,1705063,12,300,3,1,51,7.67,1,
100510711,100510611,"100510712,100510811",10051071,1,5,1005,7,10051061,100510501,1,20,16,200,"39101,39102,39103,39104,39105,39106,39107,39108,39109,39110,39111,39112,39113,39114,39115,39116",4001,100,370000,108,5,5,1305,314,335,330003,1,1705071,12,300,3,1,48,7.68,1,
100510712,"100510612,100510711","100510812,100510713",10051071,2,5,1005,7,10051061,100510501,1,20,10,50,"39201,39202,39203,39204,39205,39206,39207,39208,39209,39210",4001,120,370000,108,5,5,1305,314,340,330003,2,1705072,12,300,3,1,50,7.75,1,
100510713,"100510613,100510712",100510813,10051071,3,5,1005,7,10051061,100510501,1,20,16,180,"39301,39302,39303,39304,39305,39306,39307,39308,39309,39310,39311,39312,39313,39314,39315,39316",4001,150,370000,108,5,5,1305,314,345,330003,3,1705073,12,300,3,1,52,7.83,1,
100510811,100510711,"100510812,100510501,100610111",10051081,1,5,1005,8,10051071,100510501,1,20,16,300,"40101,40102,40103,40104,40105,40106,40107,40108,40109,40110,40111,40112,40113,40114,40115,40116",4001,100,400000,114,5,5,1320,330,340,330003,1,1705081,18,300,3,1,50,8,1,
100510812,"100510712,100510811","100510813,100610112",10051081,2,5,1005,8,10051071,100510501,1,20,10,50,"40201,40202,40203,40204,40205,40206,40207,40208,40209,40210",4001,120,400000,114,5,5,1320,330,345,330003,2,1705082,18,300,3,1,52,8.07,1,
100510813,"100510713,100510812",100610113,10051081,3,5,1005,8,10051071,100510501,1,20,16,200,"40301,40302,40303,40304,40305,40306,40307,40308,40309,40310,40311,40312,40313,40314,40315,40316",4001,150,400000,114,5,5,1320,330,350,330003,3,1705083,18,300,3,1,54,8.15,1,
100110101,100110811,100110102,10011010,1,1,1001,1,10011081,0,0,20,2,600,"101101,101102",2001,100,0,0,5,1,535,7,145,330003,1,1701091,10,300,3,1,12,2.5,1,
100110102,100110101,100110103,10011010,2,1,1001,1,10011081,0,0,20,3,1500,"101201,101202,101203",2001,120,0,0,5,1,535,7,150,330003,2,1701092,10,300,3,1,14,2.57,1,
100110103,100110102,,10011010,3,1,1001,1,10011081,0,0,20,5,2000,"101301,101302,101303,101304,101305",2001,150,0,0,5,1,535,7,155,330003,3,1701093,10,300,3,1,16,2.65,1,
100210201,100210811,100210202,10021020,1,2,1002,2,10021081,0,0,20,5,1200,"102101,102102,102103,102104,102105",3001,100,0,0,5,1,735,30,195,330003,1,1702091,12,300,3,1,22,3.8,1,
100210202,100210201,100210203,10021020,2,2,1002,2,10021081,0,0,20,8,1200,"102201,102202,102203,102204,102205,102206,102207,102208",3001,120,0,0,5,1,735,30,200,330003,2,1702092,12,300,3,1,24,3.87,1,
100210203,100210202,,10021020,3,2,1002,2,10021081,0,0,20,10,1200,"102301,102302,102303,102304,102305,102306,102307,102308,102309,102310",3001,150,0,0,5,1,735,30,205,330003,3,1702093,12,300,3,1,26,3.95,1,
100310301,100310811,100310302,10031030,1,3,1003,3,10031081,0,0,20,10,3000,"103101,103102,103103,103104,103105,103106,103107,103108,103109,103110",4001,100,0,0,5,1,935,91,245,330003,1,1703091,14,300,3,1,32,5.2,1,
100310302,100310301,100310303,10031030,2,3,1003,3,10031081,0,0,20,10,3000,"103201,103202,103203,103204,103205,103206,103207,103208,103209,103210",4001,120,0,0,5,1,935,91,250,330003,2,1703092,14,300,3,1,34,5.27,1,
100310303,100310302,,10031030,3,3,1003,3,10031081,0,0,20,12,3000,"103301,101302,103303,103304,103305,103306,103307,103308,103309,103310,103311,103312",4001,150,0,0,5,1,935,91,255,330003,3,1703093,14,300,3,1,36,5.35,1,
100410401,100410811,100410402,10041040,1,4,1004,4,10041081,0,0,20,13,1200,"104101,104102,104103,104104,104105,104106,104107,104108,104109,104110,104111,104112,104113",4001,100,0,0,5,1,1135,209,295,330003,1,1704091,16,300,3,1,42,6.4,1,
100410402,100410401,100410403,10041040,2,4,1004,4,10041081,0,0,20,10,1200,"104201,104202,104203,104204,104205,104206,104207,104208,104209,104210",4001,120,0,0,5,1,1135,209,300,330003,2,1704092,16,300,3,1,44,6.47,1,
100410403,100410402,,10041040,3,4,1004,4,10041081,0,0,20,14,1200,"104301,104302,104303,104304,104305,104306,104307,104308,104309,104310,104311,104312,104313,104314",4001,150,0,0,5,1,1135,209,305,330003,3,1704093,16,300,3,1,46,6.55,1,
100510501,100510811,100510502,10051050,1,5,1005,5,10051081,0,0,20,15,1200,"105101,105102,105103,105104,105105,105106,105107,105108,105109,105110,105111,105112,105113,105114,105115",4001,100,0,0,5,1,1335,405,345,330003,1,1705091,18,300,3,1,52,8.2,1,
100510502,100510501,100510503,10051050,2,5,1005,5,10051081,0,0,20,10,1200,"105201,105202,105203,105204,105205,105206,105207,105208,105209,105210",4001,120,0,0,5,1,1335,405,350,330003,2,1705092,18,300,3,1,54,8.27,1,
100510503,100510502,,10051050,3,5,1005,5,10051081,0,0,20,16,1200,"105301,105302,105303,105304,105305,105306,105307,105308,105309,105310,105311,105312,105313,105314,105315,105316",4001,150,0,0,5,1,1335,405,355,330003,3,1705093,18,300,3,1,56,8.35,1,
