﻿configId,overType,resourceId,otherResIds,buffMode,positionType,posOffset,debuff,bossEffect
220001,,,,"buff,life,duration",1,,0,
220002,,-1,,"buff,duration,rebirth,cd",0,,0,
220003,,220001,,"buff,duration,invincible",0,,0,
220010,,,,"buff,duration,addAtkSpd",0,,0,
220011,,,,"buff,life,duration",0,,0,
220015,,-1,,,,,0,
220016,,-1,,,,,0,
220018,,-1,,"buff,duration,multyAtk,cd",,,0,
220019,,-1,,"buff,duration,block",,,0,
220029,,,,"buff,duration,moveSpeedPct",1,,0,141010
220032,,221004,,"buff,duration,explodeDmg,range,explodeAfterDie",0,,0,
220033,,,,"buff,duration,def",0,,0,
220035,,220033,,"buff,duration,magicDef",0,,0,
220038,,,,"buff,duration,dmgPct",1,,0,141028
220042,,-1,,"buff,duration,dmg",,,0,"141010,141019,141028,142037,142046"
220043,,-1,,"buff,duration,immuneRdcMoveSpd",,,0,
220044,,-1,,"buff,duration,addMaxLifePct",,,0,142046
220045,,-1,,"buff,duration,reboundDmgPct",,,0,
220046,,-1,,"buff,duration,lifeToPhysicDef",,,0,
220047,,-1,,"buff,duration,snowball",,,0,
220048,,-1,,"buff,duration,atkRoundEnemy",,,0,
220049,,-1,OrganismSkillBuffer_220049,"buff,duration,targetDmgPctToLife",1,,0,
220050,,-1,,"buff,duration,hugeDmgPct",,,0,
220051,,,,"buff,duration,explodeDmg,range,explodeAfterDie",,,0,
220052,,,OrganismSkillBuffer_220057,"buff,duration,addTowerAtk",1,,0,
220053,,-1,,"buff,duration,safeLaunch,cd",,,0,
220054,,-1,,"buff,duration,dmg",,,0,
220055,,,OrganismSkillBuffer_220058,"buff,duration,addSoldierAtk",1,,0,
220056,,-1,,"buff,duration,addSoldierDef",,,0,
220057,,,,"buff,duration,specialProcess",1,,,
220058,,,,"buff,duration,specialProcess",1,,,
220059,,-1,,"buff,duration,specialProcess",,,,
220061,,-1,,"buff,duration,addMaxLifePct",,,0,
220062,,,OrganismSkillBuffer_220062,buff,0,,,
220063,,,,"buff,duration,specialProcess",2,,,
220064,,-1,,"buff,duration,dmgPct",,,,
220065,,,,"buff,duration,def,magicDef",2,,,
220066,,221012,,"buff,duration,stun",1,,,
220067,,-1,,"buff,duration,dmg",2,,,
220068,,220068,,"buff,duration,addAtkArea",2,,0,
220069,,-1,,"buff,duration,block,cd",1,,0,
220070,,,,"buff,duration,rdcDmgByCategory",2,,0,
221004,,,,"buff,duration,dmg,canInfect,rdcMagicCdAfterDie",0,,1,"141010,141019,141028,142037,142046"
221005,,,,"buff,duration,stun",0,,1,
221006,,,,"buff,duration,stun,odd",0,,1,
221007,,,,"buff,duration,explodeDmg,range,explodeAfterDie",0,"0,25",1,"141010,141019,141028,142037,142046"
221008,,221007,,"buff,duration,dmgPct",0,,1,"141010,141019,141028,142037,142046"
221009,,221007,,"buff,duration,addMaxLifePct",0,,1,
221012,,,,"buff,duration,moveSpeedPct",1,,1,
221013,,221012,,"buff,duration,stun,summonAfterDie",1,,1,
221014,,221014,,,0,,1,
221017,,,,"buff,duration,stun",1,,1,
221020,,-1,,"buff,duration,weaknessAtk",1,,1,"141010,141019,141028,142037,142046"
221021,,,,"buff,duration,specialProcess",1,,1,"141010,141019,141028,142037,142046"
221022,,,,"buff,duration,fireMoreDmgPct,moveSpeedPct",1,,1,"141010,141019,141028,142037,142046"
221023,,-1,,"buff,duration,moveSpeedPct",0,,1,
221024,,,,"buff,duration,betray",0,,1,
221025,,-1,,"buff,duration,sheep,moveSpeedPct",0,,1,
221026,,,,"buff,duration,provoke",0,,1,
221027,,-1,,"buff,duration,atkSpeedPct",1,,1,
221028,,,,"buff,duration,moveSpeedPct",0,,1,
221030,,,,"buff,duration,moveSpeedPct",1,,1,
221031,,221004,,"buff,duration,dmg",0,,1,
221034,,-1,,"buff,duration,invisible",0,,1,
221036,,,,"buff,duration,moveSpeedPct",1,,1,
221037,,,,"buff,duration,iceShield",2,,1,141019
221039,,,,"buff,duration,invincible",1,,1,
221040,,-1,,"buff,duration,moveSpeedPct,atkSpeedPct",1,,1,
221041,,-1,,"buff,duration,stun",1,,1,
221060,,,,"buff,duration,specialProcess",1,,1,
251001,,,,"buff,duration,click,stun",1,,1,
251002,,221028,,"buff,duration,click,stun",0,"0,25",1,
251003,,-1,,"buff,duration,atkSpeedPct",0,,1,
251004,,,,"buff,duration,click,stun",1,,1,
251005,,,,"buff,duration,click,stun",1,,1,
251006,,,,"buff,duration,click,stun",2,,1,
