﻿configId,name,unit,value
1,magicSkillAtk,%,
2,towerSkillUpgradeGoods,%,
3,soldierAtk,,
4,passTollRewardGold,%,
5,magicSkillCdTime,,
6,heroRebirthTime,,
7,reduceMonsterNum,,
8,simpleTollBringGoods,%,
9,ally,,
10,thisMagicSkillAtk,%,
11,simpleTowerBuildGoods,%,
12,towerAtk,,
13,heroAtk,,
14,soldierRebirthTime,%,
15,bossDmg,%,
16,position,,
17,summon,,summon:id-count-maxcount
18,dmgConvertAtk,%,
19,hugeDmg,%,
20,maxLifeRecover,%,
21,skillCdTime,%,
22,life,,life:100-200
23,atk,,
24,def,,def:5
25,magicDef,,magicDef:5
26,atkArea,%,
27,moveSpeedPct,%,addMoveSpeedPct:50(负数则为减少)
28,dodge,,dodge：1
29,cdr,%,
30,rebirthTime,%,
31,dmgConvertLife,%,
32,stun,%,stun:1
33,ap,%,
34,atkDouble,%,
35,rebirth,,rebirth:1
36,ad,%,
37,towerAtk,,
38,atkSpeed,%,
39,block,,block:1-50
40,dmg,,dmg:100-200
41,magicDmg,,magicDmg:100-200
42,times,,
43,weapon,,
44,isArea,,
45,maxLife,,maxLife:200
46,canInfect,,canInfect:40-3-1
47,invincible,,invincible:1
48,explodeAfterDie,,explodeAfterDie:1
49,dmgPct,,dmgPct:50
50,addMaxLifePct,,addMaxLifePct:10
51,atkSpeedPct,,atkSpeedPct:30
,addGroundEff,,addGroundEff:151023-5000-100
54,hugeDmgPct,,hugeDmgPct:200-150-20
55,reboundDmgPct,,reboundDmgPct:30
56,dmgAddition,,dmgAddition:300
57,passiveMaxLife,,
58,passiveDef,,
59,passiveMagicDef,,
60,passiveAtk,,
61,passiveAtkAreaPct,,
62,passiveMoveSpeedPct,,
63,passiveAtkSpdPct,,
64,passiveRdcRebirthPct,,
65,passiveSkillAtkPct,,
66,passiveRdcSkillCdPct,,
67,safeLaunch,,safeLaunch:40-100-5000
68,multyAtk,,multyAtk:2
69,addTowerAtk,,addTowerAtk:40-2
70,targetDmgPctToLife,,targetDmgPctToLife:15
71,immuneRdcMoveSpd,,immuneRdcMoveSpd：1
72,betray,,betray:1
73,lifeToPhysicDef,,lifeToPhysicDef：20-10
74,beastAngry,,beastAngry:20-10-50-50
75,snowball,,snowball:200
76,reflectRdcAtkSpd,,reflectRdcAtkSpd:10
77,atkRoundEnemy,,atkRoundEnemy:15-120
78,provoke,,provoke:1
79,weaknessAtk,,weaknessAtk:10
80,dmgPctBySize,,dmgPctBySize:10-20-30
81,rdcDmgByLifeDown,,rdcDmgByLifeDown:30-50
82,addWalkEff,,addWalkEff:151023-5000
83,rdcDmgByCategory,,rdcDmgByCategory:13-30
84,invisible,,invisible:1
85,dropBox,,dropBox:xxxxxx-1-2000-100
86,suddenDeath,,suddenDeath:20
87,shareOdds,,
88,odd,,odd:30
89,passiveAtkArea,,passiveAtkArea:100
90,fireMoreDmgPct,,
91,rollBack,,rollBack:400
92,sheep,,sheep:1
93,changeWeapon,,changeWeapon:xxxxxx
94,addSoldierAtk,,addSoldierAtk:100-3
95,addSoldierDef,,addSoldierDef:100-3
96,iceShield,,iceShield:10
97,playerSilent,,playerSilent:10000
98,summonAfterDie,,summonAfterDie:xxxxx-5000
99,rdcMagicCdAfterDie,,rdcMagicCdAfterDie:xxxxx-1000
100,notAnim,,notAnim:1
101,senseElect,,senseElect:15-120-150
102,addExpOdd,%,
103,addGoldOdd,%,
104,bossHurt：20-40,%,
