﻿configId,type,subDivide,name,caption,actionsName,desc,resourceId,reward,num,totalClick,Limit,sendReward,postReward
551101,1,1,"%s 's hero is growing stronger","%s's hero, Sir Lance Alotte, just reached level %s! Can your knight take him on?",herolvup,"Click to get some coins.",551101,888888,10,5,0,888888:10,
551102,1,1,"%s 's hero is growing stronger","%s's hero, Robin Eagleye, just reached level %s! Fables are already being told about his deeds!",herolvup,"Click to get some coins.",551102,888888,10,5,0,888888:10,
551103,1,1,"%s 's hero is growing stronger","%s's hero, Korina Chantress, just reached level %s! Her magic will bring enemies to their knees!",herolvup,"Click to get some coins.",551103,888888,10,5,0,888888:10,
551104,1,1,"%s 's hero is growing stronger","%s's hero, Durin Atomika, just reached level %s! Do you like explosions too? BOOM! Hehe!",herolvup,"Click to get some coins.",551104,888888,10,5,0,888888:10,
551105,1,1,"The King of Towers","I have a level  %s kingdom,  %s heroes and a battle power of  %s in the King of Towers! Let's save the kingdom together!",playerInfo,"Click to get some coins.",100000,888888,10,5,0,888888:10,
551106,1,1,"%s 's hero is growing stronger","%s's hero, Gold Knight, just reached level %s! Can your knight take him on?",herolvup,"Click to get some coins.",551106,888888,10,5,0,888888:10,
551107,1,1,"%s 's hero is growing stronger","%s's hero, Warrior Ranger, just reached level %s! Fables are already being told about his deeds!",herolvup,"Click to get some coins.",551107,888888,10,5,0,888888:10,
551108,1,1,"%s 's hero is growing stronger","%s's hero, Legendary Mage, just reached level %s! Her magic will bring enemies to their knees!",herolvup,"Click to get some coins.",551108,888888,10,5,0,888888:10,
551109,1,1,"%s 's hero is growing stronger","%s's hero, Explosive Expert, just reached level %s! Do you like explosions too? BOOM! Hehe!",herolvup,"Click to get some coins.",551109,888888,10,5,0,888888:10,
551201,1,2,"%s 's hero get stronger skill","%s's hero,%s, just leveled their %s skill to level %s! Awesome!",heroskilllvup,"Click to get some coins.",551201,888888,10,5,0,888888:10,
552101,2,1,"%s completed the task %s","With better fortified towers, they can now take on bigger and badder enemies.",fortifytower,"Click to get some coins.",552101,888888,10,5,0,888888:10,
552102,2,1,"%s completed the task %s","A higher researched tower gains new abilities, not just strength.",newtower,"Click to get some coins.",552102,888888,10,5,0,888888:10,
552103,2,1,"%s's magic skills have been upgraded! "," Upgraded magic skills are key to battle outcomes.",magicskilllvup,"Click to get some coins.",552103,888888,10,5,0,888888:10,
552104,2,1,"%s completed the task %s","The kingdom level just reached %s",kingdomlvup,"Spread good news&get rewards!",552104,888888,10,5,0,888888:10,
552105,2,1,"%s completed the task %s","Urge them onwards as they vanquish evil.",tollgates,"Spread good news&get rewards!",552105,888888,10,5,0,888888:10,
552106,2,1,"%s completed the task %s","Their heroes are now stronger, how do you match up?",trainmission,"Click to get some coins.",552106,888888,10,5,0,888888:10,
552107,2,1,"%s completed the task %s"," Have you conversed with the heroes that frequent the tavern?",tavernShare,"Click to get some diamonds.",552107,888888,10,5,0,888888:10,
552108,,,"%s completed the task %s","%s finished the wish of the people in the fight against the forces of evil on the road another step forward!",defaulttpye,"Click to get some coins.",100000,888888,10,5,0,888888:10,
553101,3,1,"%s defeated an enemy","%s completed the %s level on easy mode. Quick and easy.",easymode,"Click to get some coins.",553101,888888,10,5,0,888888:10,
553102,3,1,"%s wiped a group of enemies","%s completed the %s level on heroic mode. With well-trained heroes, nothing stands in their way.",heroicmode,"Click to get some coins.",553102,888888,10,5,0,888888:10,
553103,3,1,"%s defeated an elite enemy!","%s completed the %s level on hard mode with all its hardships and elite monsters. Their strength is to be awed.",hardmode,"Click to get some coins.",553103,888888,10,5,0,888888:10,
553104,3,1,"Level Completed!","These levels are too easy! I just defeated all of the world levels in the King of Towers. But not to worry, new maps are on their way!",complete,"Click to get some coins.",553104,888888,10,5,0,888888:10,
554101,4,1,"%s upgraded their Militia magic skill! ","They can now call upon the Militia Elite to aid them in battle!",magicskillresearch,"Click to get some materials .",554101,888888,10,5,0,888888:10,
554102,4,1,"%s upgraded their Militia Elite magic skill! ","They can now call upon the Royal Guard to aid them in battle!",magicskillresearch,"Click to get some materials .",554102,888888,10,5,0,888888:10,
554103,4,1,"%s upgraded their Hail magic skill! ","They can now call down a Blizzard upon their enemies!",magicskillresearch,"Click to get some materials .",554105,888888,10,5,0,888888:10,
554104,4,1,"%s upgraded their Blizzard magic skill! "," They can now call down an Ice Tempest upon their enemies!",magicskillresearch,"Click to get some materials .",554106,888888,10,5,0,888888:10,
554105,4,1,"%s upgraded their Static magic skill!","They can now call down a Lightning Bolt upon their enemies!",magicskillresearch,"Click to get some materials .",554103,888888,10,5,0,888888:10,
554106,4,1,"%s upgraded their Lightning Bolt magic skill! ","They can now call down a Lightning Strike upon their enemies!",magicskillresearch,"Click to get some materials .",554104,888888,10,5,0,888888:10,
555101,5,1,"%s recruit a new hero Link Robin Eagleye!","Robin Eagleye is the kingdom's best marksman. he prefers to travel alone in battle'",getherocard,"Click to get some coins.",555101,888888,10,5,0,888888:10,
555102,5,1,"%s recruit a new hero Korina Chantress!","Korina Chantress is a beautiful witch, but don't be fooled she can bring any enemy to their knees",getherocard,"Click to get some coins.",555102,888888,10,5,0,888888:10,
555103,5,1,"%s recruit a new hero Durin Atomika！","Durin Atomika, raised by goblins, is an engineer of war, wielding a myriad of explosives in battle.",getherocard,"Click to get some coins.",555103,888888,10,5,0,888888:10,
555104,5,1,"%s recruit a new hero Link Robin Eagleye card!","Robin Eagleye is the kingdom's best marksman. he prefers to travel alone in battle'",getherocard,"Click to get some coins.",555101,888888,10,5,0,888888:10,
555105,5,1,"%s recruit a new hero Korina Chantress card!","Korina Chantress is a beautiful witch, but don't be fooled she can bring any enemy to their knees",getherocard,"Click to get some coins.",555102,888888,10,5,0,888888:10,
555106,5,1,"%s recruit a new hero Durin Atomika card！","Durin Atomika, raised by goblins, is an engineer of war, wielding a myriad of explosives in battle.",getherocard,"Click to get some coins.",555103,888888,10,5,0,888888:10,
556101,6,1,"%s just collected a Kingdom Tax","This help fund their armies and tower defenses.",alltax,"Click to get some coins.",556101,888888,10,5,0,888888:10,
557101,7,1,"Surprises every login","Rich rewards await you everyday you login to the King of Towers! Come check it out!",loginLuckyDraw,"Click to get some coins.",557101,888888,10,5,0,888888:10,
558101,8,1,"Play a game！","I was playing The King of Towers, there are a lot of fun things, come to play with me！",commonFeedForTask,"Click to get some coins.",100000,888888,10,5,0,888888:10,
559101,9,1," %s received diamonds in the King of Towers!","Discounted diamonds allow me progress much more quickly!",complete,"Click to get some coins.",999999,888888,10,5,0,888888:10,
559102,9,1,"%s need your help","Hey! I come close to unlocking the training slots,give me a hand! You will get some gifts in return.",,"Click to help",559102,888888,10,5,0,,133160
559103,9,1,"%s need your help","Hey!I come close to upgrading the training slots,give me a hand!You will get some gifts in return.",,"Click to help",559103,888888,10,5,0,,133161
559104,9,1,"%s need your help","My friend,my kingdom is occupied by %s,help me drive away %s",,"Click to get some coins.",100000,888888,10,5,0,,
559105,9,1,"%s upgraded their kingdom!","%s's kingdom level is now higher than %s of other players! Join him now!",,"Click to get some coins.",559105,888888,10,5,0,,
559107,9,1,"%s need your help","Hey!I come close to upgrading new magic,give me a hand!You will get some gifts in return.",,"Click to help",559107,888888,10,5,0,,133036
559110,9,1,"%s need your help","Hey! I come close to unlocking the new farmland,give me a hand! You will get some gifts in return.",,"Click to help",559110,888888,10,5,0,,133170
559111,9,1,"%s need your help","I am upgrading my supply route! Give me a hand and your efforts will be rewarded!",,"Click to help",559110,888888,10,5,0,,133040
5591061,9,1,"%s need your help","Hey! I come close to unlocking the new tower,give me a hand! You will get some gifts in return.",,"Click to help",5591061,888888,10,5,0,,133004
5591062,9,1,"%s need your help","Hey! I come close to unlocking the new tower,give me a hand! You will get some gifts in return.",,"Click to help",5591062,888888,10,5,0,,133005
5591063,9,1,"%s need your help","Hey! I come close to unlocking the new tower,give me a hand! You will get some gifts in return.",,"Click to help",5591063,888888,10,5,0,,133008
5591081,9,1,"%s need your help","Hey! I come close to unlocking the new tower,give me a hand! You will get some gifts in return.",,"Click to help",5591081,888888,10,5,0,,133012
5591082,9,1,"%s need your help","Hey! I come close to unlocking the new tower,give me a hand! You will get some gifts in return.",,"Click to help",5591082,888888,10,5,0,,133014
5591083,9,1,"%s need your help","Hey! I come close to unlocking the new tower,give me a hand! You will get some gifts in return.",,"Click to help",5591083,888888,10,5,0,,133016
5591091,9,1,"%s need your help","Hey! I come close to unlocking the new tower,give me a hand! You will get some gifts in return.",,"Click to help",5591091,888888,10,5,0,,133028
5591092,9,1,"%s need your help","Hey! I come close to unlocking the new tower,give me a hand! You will get some gifts in return.",,"Click to help",5591092,888888,10,5,0,,133031
5591093,9,1,"%s need your help","Hey! I come close to unlocking the new tower,give me a hand! You will get some gifts in return.",,"Click to help",5591093,888888,10,5,0,,133026
5591101,9,1,"%s need your help","Hey! I come close to unlocking the new tower,give me a hand! You will get some gifts in return.",,"Click to help",5591101,888888,10,5,0,,133020
5591102,9,1,"%s need your help","Hey! I come close to unlocking the new tower,give me a hand! You will get some gifts in return.",,"Click to help",5591102,888888,10,5,0,,133022
5591103,9,1,"%s need your help","Hey! I come close to unlocking the new tower,give me a hand! You will get some gifts in return.",,"Click to help",5591103,888888,10,5,0,,133024
