﻿configId,resourceId
3201,NPC_icon_3201_1
3202,NPC_icon_3202_1
3203,NPC_icon_3203_1
3204,NPC_icon_3204_1
3205,NPC_icon_3205_1
3206,NPC_icon_3206_1
3207,NPC_icon_3207_1
3208,NPC_icon_3208_1
3209,NPC_icon_3209_1
3210,NPC_icon_3210_1
3211,NPC_icon_3211_1
3212,NPC_icon_3212_1
3213,NPC_icon_3213_1
3214,NPC_icon_3214_1
3215,NPC_icon_3215_1
3216,NPC_icon_3216_1
3217,NPC_icon_3217_1
3218,NPC_icon_3218_1
3219,NPC_icon_3219_1
3220,NPC_icon_3220_1
3221,NPC_icon_3221_1
3222,NPC_icon_3222_1
3223,NPC_icon_3223_1
3224,NPC_icon_3224_1
3225,NPC_icon_3225_1
3226,NPC_icon_3226_1
3227,NPC_icon_3227_1
3228,NPC_icon_3228_1
3229,NPC_icon_3229_1
3230,NPC_icon_3230_1
3231,NPC_icon_3231_1
3232,NPC_icon_3232_1
