﻿configId,name,desc,costMoney,addGold,addMoney,type,extra,originalCost
300001,"2600 Diamonds","The King Of Towers by Shinezone",2000,0,2600,1,"30% extra",2600
300002,"1250 Diamonds","The King Of Towers by Shinezone",1000,0,1250,1,"25% extra",1250
300003,"600 Diamonds","The King Of Towers by Shinezone",500,0,600,1,"20% extra",600
300004,"220 Diamonds","The King Of Towers by Shinezone",200,0,220,1,"10% extra",220
300005,"100 Diamonds","The King Of Towers by Shinezone",100,0,100,1,,
300006,"130000 Golds","The King Of Towers by Shinezone",2000,130000,0,2,"30% extra",2600
300007,"62500 Golds","The King Of Towers by Shinezone",1000,62500,0,2,"25% extra",1250
300008,"30000 Golds","The King Of Towers by Shinezone",500,30000,0,2,"20% extra",600
300009,"11000 Golds","The King Of Towers by Shinezone",200,11000,0,2,"10% extra",220
300010,"5000 Golds","The King Of Towers by Shinezone",100,5000,0,2,,
300011,"20 Diamonds","The King Of Towers by Shinezone",20,0,20,1,,
300012,"1000 Golds","The King Of Towers by Shinezone",20,1000,0,2,,
300013,"Discount gift bag","The King Of Towers by Shinezone",100,0,0,3,,
300014,"20 Diamonds","The King Of Towers by Shinezone",10,0,20,4,"50% extra",20
300015,"100 Diamonds","The King Of Towers by Shinezone",60,0,100,4,"40% extra",100
300016,"220 Diamonds","The King Of Towers by Shinezone",160,0,220,4,"20% extra",200
300017,"600 Diamonds","The King Of Towers by Shinezone",450,0,600,4,"10% extra",500
300018,"1250 Diamonds","The King Of Towers by Shinezone",920,0,1250,4,"8% extra",1000
300019,"2600 Diamonds","The King Of Towers by Shinezone",1880,0,2600,4,"6% extra",2000
300020,"6750 Diamonds","The King Of Towers by Shinezone",4750,0,6750,4,"5% extra",5000
300050,"supplement diamonds for buy item","The King Of Towers by Shinezone",0,0,0,5,,
300060,"life tree","The King Of Towers by Shinezone",500,2000,250,6,,
300070,"sprite buff","The King Of Towers by Shinezone",0,0,3,7,,
