﻿configId,name,type,getType,getMethod,price,price_7,price_30,price_90,effectId,effectName,effectValue,duration,replaceType,limit,group
139001,精灵的智慧,1,1,1,50,50,100,250,106,taxExp,5,604800,1,0,1
139002,精灵的财富,2,1,1,50,50,100,250,107,taxGold,5,604800,1,0,1
139003,精灵的力量,3,1,2,25,25,50,125,108,towerAtk,20,604800,0,1,2
139004,精灵的愤怒,4,1,2,25,25,50,125,109,heroAtk,20,604800,0,1,2
139005,精灵的速度,5,1,1,150,150,300,750,"110,113","taxcdTime,augmentcdtime","100,0",604800,1,0,2
139006,精灵的援助,6,1,2,100,100,200,500,111,addGoods,100:1-1;2-1;3-1;4-1;5-1,604800,1,1,2
139007,精灵的能量,7,1,1,150,150,300,750,112,uEnergyMax,80,604800,1,0,1
139008,精灵的契约,8,1,1,200,200,400,1000,114,energyRecover,10,604800,1,0,1
