﻿configId,effect
,
16101,addExpOdd:1;addGoldOdd:0
16102,addExpOdd:1;addGoldOdd:1
16103,addExpOdd:2;addGoldOdd:1
16104,addExpOdd:2;addGoldOdd:2
16105,addExpOdd:3;addGoldOdd:2
16106,addExpOdd:3;addGoldOdd:3
16107,addExpOdd:4;addGoldOdd:3
16108,addExpOdd:4;addGoldOdd:4
16109,addExpOdd:5;addGoldOdd:4
16110,addExpOdd:5;addGoldOdd:5
16111,addExpOdd:6;addGoldOdd:5
16112,addExpOdd:6;addGoldOdd:6
16113,addExpOdd:7;addGoldOdd:6
16114,addExpOdd:7;addGoldOdd:7
16115,addExpOdd:8;addGoldOdd:7
16116,addExpOdd:8;addGoldOdd:8
16117,addExpOdd:9;addGoldOdd:8
16118,addExpOdd:9;addGoldOdd:9
16119,addExpOdd:10;addGoldOdd:9
16120,addExpOdd:10;addGoldOdd:10
16201,magicSkillAtk:1
16202,towerSkillUpgradeGoods:-1
16301,soldierAtk:1
16302,passTollRewardGold:1
16401,magicSkillCdTime:1
16402,heroRebirthTime:-1
16403,reduceMonsterNum
16404,simpleTollBringGoods:1
16405,ally
16406,thisMagicSkillAtk:1
16501,simpleTowerBuildGoods:-5
16502,towerAtk:1
16503,heroAtk:2
16504,soldierRebirthTime:-10
16505,bossDmg:5
16506,towerBuildGoods:-1
